"Index","Date","Open","High","Low","Close","Volume","Adjusted"
1,2010-01-04,7.84,7.84,7.84,7.84,0,4.196212
2,2010-01-05,7.84,7.84,7.84,7.84,0,4.196212
3,2010-01-06,7.87,7.87,7.87,7.87,0,4.212269
4,2010-01-07,7.84,7.84,7.84,7.84,0,4.196212
5,2010-01-08,7.91,7.91,7.91,7.91,0,4.233678
6,2010-01-11,7.88,7.88,7.88,7.88,0,4.217621
7,2010-01-12,7.77,7.77,7.77,7.77,0,4.158746
8,2010-01-13,7.85,7.85,7.85,7.85,0,4.201564
9,2010-01-14,7.91,7.91,7.91,7.91,0,4.233678
10,2010-01-15,7.83,7.83,7.83,7.83,0,4.19086
11,2010-01-19,7.92,7.92,7.92,7.92,0,4.23903
12,2010-01-20,7.79,7.79,7.79,7.79,0,4.16945
13,2010-01-21,7.73,7.73,7.73,7.73,0,4.137337
14,2010-01-22,7.46,7.46,7.46,7.46,0,3.992824
15,2010-01-25,7.52,7.52,7.52,7.52,0,4.024938
16,2010-01-26,7.46,7.46,7.46,7.46,0,3.992824
17,2010-01-27,7.5,7.5,7.5,7.5,0,4.014233
18,2010-01-28,7.31,7.31,7.31,7.31,0,3.912539
19,2010-01-29,7.17,7.17,7.17,7.17,0,3.837607
20,2010-02-01,7.27,7.27,7.27,7.27,0,3.89113
21,2010-02-02,7.35,7.35,7.35,7.35,0,3.933949
22,2010-02-03,7.37,7.37,7.37,7.37,0,3.944653
23,2010-02-04,7.12,7.12,7.12,7.12,0,3.810845
24,2010-02-05,7.12,7.12,7.12,7.12,0,3.810845
25,2010-02-08,7.08,7.08,7.08,7.08,0,3.789436
26,2010-02-09,7.15,7.15,7.15,7.15,0,3.826903
27,2010-02-10,7.16,7.16,7.16,7.16,0,3.832255
28,2010-02-11,7.24,7.24,7.24,7.24,0,3.875073
29,2010-02-12,7.28,7.28,7.28,7.28,0,3.896483
30,2010-02-16,7.39,7.39,7.39,7.39,0,3.955358
31,2010-02-17,7.41,7.41,7.41,7.41,0,3.966062
32,2010-02-18,7.46,7.46,7.46,7.46,0,3.992824
33,2010-02-19,7.44,7.44,7.44,7.44,0,3.98212
34,2010-02-22,7.45,7.45,7.45,7.45,0,3.987472
35,2010-02-23,7.33,7.33,7.33,7.33,0,3.923244
36,2010-02-24,7.4,7.4,7.4,7.4,0,3.96071
37,2010-02-25,7.33,7.33,7.33,7.33,0,3.923244
38,2010-02-26,7.38,7.38,7.38,7.38,0,3.950006
39,2010-03-01,7.49,7.49,7.49,7.49,0,4.008881
40,2010-03-02,7.55,7.55,7.55,7.55,0,4.040995
41,2010-03-03,7.58,7.58,7.58,7.58,0,4.057052
42,2010-03-04,7.58,7.58,7.58,7.58,0,4.057052
43,2010-03-05,7.69,7.69,7.69,7.69,0,4.115927
44,2010-03-08,7.73,7.73,7.73,7.73,0,4.137337
45,2010-03-09,7.76,7.76,7.76,7.76,0,4.153394
46,2010-03-10,7.82,7.82,7.82,7.82,0,4.185507
47,2010-03-11,7.83,7.83,7.83,7.83,0,4.19086
48,2010-03-12,7.85,7.85,7.85,7.85,0,4.201564
49,2010-03-15,7.8,7.8,7.8,7.8,0,4.174803
50,2010-03-16,7.86,7.86,7.86,7.86,0,4.206917
51,2010-03-17,7.92,7.92,7.92,7.92,0,4.23903
52,2010-03-18,7.89,7.89,7.89,7.89,0,4.222973
53,2010-03-19,7.83,7.83,7.83,7.83,0,4.19086
54,2010-03-22,7.88,7.88,7.88,7.88,0,4.217621
55,2010-03-23,7.96,7.96,7.96,7.96,0,4.26044
56,2010-03-24,7.91,7.91,7.91,7.91,0,4.233678
57,2010-03-25,7.92,7.92,7.92,7.92,0,4.23903
58,2010-03-26,7.94,7.94,7.94,7.94,0,4.249735
59,2010-03-29,7.98,7.98,7.98,7.98,0,4.271144
60,2010-03-30,8.01,8.01,8.01,8.01,0,4.287201
61,2010-03-31,7.98,7.98,7.98,7.98,0,4.271144
62,2010-04-01,8.05,8.05,8.05,8.05,0,4.308611
63,2010-04-05,8.15,8.15,8.15,8.15,0,4.362133
64,2010-04-06,8.15,8.15,8.15,8.15,0,4.362133
65,2010-04-07,8.15,8.15,8.15,8.15,0,4.362133
66,2010-04-08,8.14,8.14,8.14,8.14,0,4.356781
67,2010-04-09,8.2,8.2,8.2,8.2,0,4.388895
68,2010-04-12,8.22,8.22,8.22,8.22,0,4.3996
69,2010-04-13,8.21,8.21,8.21,8.21,0,4.394247
70,2010-04-14,8.36,8.36,8.36,8.36,0,4.474532
71,2010-04-15,8.39,8.39,8.39,8.39,0,4.490589
72,2010-04-16,8.25,8.25,8.25,8.25,0,4.415657
73,2010-04-19,8.21,8.21,8.21,8.21,0,4.394247
74,2010-04-20,8.28,8.28,8.28,8.28,0,4.431713
75,2010-04-21,8.3,8.3,8.3,8.3,0,4.442418
76,2010-04-22,8.29,8.29,8.29,8.29,0,4.437066
77,2010-04-23,8.34,8.34,8.34,8.34,0,4.463828
78,2010-04-26,8.34,8.34,8.34,8.34,0,4.463828
79,2010-04-27,8.17,8.17,8.17,8.17,0,4.372838
80,2010-04-28,8.17,8.17,8.17,8.17,0,4.372838
81,2010-04-29,8.29,8.29,8.29,8.29,0,4.437066
82,2010-04-30,8.14,8.14,8.14,8.14,0,4.356781
83,2010-05-03,8.23,8.23,8.23,8.23,0,4.404952
84,2010-05-04,7.99,7.99,7.99,7.99,0,4.276496
85,2010-05-05,7.93,7.93,7.93,7.93,0,4.244383
86,2010-05-06,7.64,7.64,7.64,7.64,0,4.089166
87,2010-05-07,7.5,7.5,7.5,7.5,0,4.014233
88,2010-05-10,7.87,7.87,7.87,7.87,0,4.212269
89,2010-05-11,7.81,7.81,7.81,7.81,0,4.180155
90,2010-05-12,7.98,7.98,7.98,7.98,0,4.271144
91,2010-05-13,7.93,7.93,7.93,7.93,0,4.244383
92,2010-05-14,7.77,7.77,7.77,7.77,0,4.158746
93,2010-05-17,7.78,7.78,7.78,7.78,0,4.164098
94,2010-05-18,7.64,7.64,7.64,7.64,0,4.089166
95,2010-05-19,7.6,7.6,7.6,7.6,0,4.067756
96,2010-05-20,7.32,7.32,7.32,7.32,0,3.917892
97,2010-05-21,7.42,7.42,7.42,7.42,0,3.971415
98,2010-05-24,7.38,7.38,7.38,7.38,0,3.950006
99,2010-05-25,7.32,7.32,7.32,7.32,0,3.917892
100,2010-05-26,7.3,7.3,7.3,7.3,0,3.907187
101,2010-05-27,7.58,7.58,7.58,7.58,0,4.057052
102,2010-05-28,7.51,7.51,7.51,7.51,0,4.019586
103,2010-06-01,7.39,7.39,7.39,7.39,0,3.955358
104,2010-06-02,7.56,7.56,7.56,7.56,0,4.046347
105,2010-06-03,7.66,7.66,7.66,7.66,0,4.09987
106,2010-06-04,7.4,7.4,7.4,7.4,0,3.96071
107,2010-06-07,7.24,7.24,7.24,7.24,0,3.875073
108,2010-06-08,7.26,7.26,7.26,7.26,0,3.885778
109,2010-06-09,7.21,7.21,7.21,7.21,0,3.859016
110,2010-06-10,7.42,7.42,7.42,7.42,0,3.971415
111,2010-06-11,7.5,7.5,7.5,7.5,0,4.014233
112,2010-06-14,7.53,7.53,7.53,7.53,0,4.03029
113,2010-06-15,7.74,7.74,7.74,7.74,0,4.142689
114,2010-06-16,7.75,7.75,7.75,7.75,0,4.148041
115,2010-06-17,7.78,7.78,7.78,7.78,0,4.164098
116,2010-06-18,7.78,7.78,7.78,7.78,0,4.164098
117,2010-06-21,7.75,7.75,7.75,7.75,0,4.148041
118,2010-06-22,7.65,7.65,7.65,7.65,0,4.094518
119,2010-06-23,7.64,7.64,7.64,7.64,0,4.089166
120,2010-06-24,7.49,7.49,7.49,7.49,0,4.008881
121,2010-06-25,7.5,7.5,7.5,7.5,0,4.014233
122,2010-06-28,7.51,7.51,7.51,7.51,0,4.019586
123,2010-06-29,7.21,7.21,7.21,7.21,0,3.859016
124,2010-06-30,7.12,7.12,7.12,7.12,0,3.810845
125,2010-07-01,7.1,7.1,7.1,7.1,0,3.800141
126,2010-07-02,7.1,7.1,7.1,7.1,0,3.800141
127,2010-07-06,7.17,7.17,7.17,7.17,0,3.837607
128,2010-07-07,7.4,7.4,7.4,7.4,0,3.96071
129,2010-07-08,7.42,7.42,7.42,7.42,0,3.971415
130,2010-07-09,7.47,7.47,7.47,7.47,0,3.998176
131,2010-07-12,7.5,7.5,7.5,7.5,0,4.014233
132,2010-07-13,7.6,7.6,7.6,7.6,0,4.067756
133,2010-07-14,7.67,7.67,7.67,7.67,0,4.105223
134,2010-07-15,7.65,7.65,7.65,7.65,0,4.094518
135,2010-07-16,7.43,7.43,7.43,7.43,0,3.976767
136,2010-07-19,7.49,7.49,7.49,7.49,0,4.008881
137,2010-07-20,7.56,7.56,7.56,7.56,0,4.046347
138,2010-07-21,7.46,7.46,7.46,7.46,0,3.992824
139,2010-07-22,7.65,7.65,7.65,7.65,0,4.094518
140,2010-07-23,7.74,7.74,7.74,7.74,0,4.142689
141,2010-07-26,7.81,7.81,7.81,7.81,0,4.180155
142,2010-07-27,7.77,7.77,7.77,7.77,0,4.158746
143,2010-07-28,7.71,7.71,7.71,7.71,0,4.126632
144,2010-07-29,7.67,7.67,7.67,7.67,0,4.105223
145,2010-07-30,7.63,7.63,7.63,7.63,0,4.083813
146,2010-08-02,7.77,7.77,7.77,7.77,0,4.158746
147,2010-08-03,7.75,7.75,7.75,7.75,0,4.148041
148,2010-08-04,7.81,7.81,7.81,7.81,0,4.180155
149,2010-08-05,7.77,7.77,7.77,7.77,0,4.158746
150,2010-08-06,7.76,7.76,7.76,7.76,0,4.153394
151,2010-08-09,7.79,7.79,7.79,7.79,0,4.16945
152,2010-08-10,7.71,7.71,7.71,7.71,0,4.126632
153,2010-08-11,7.45,7.45,7.45,7.45,0,3.987472
154,2010-08-12,7.37,7.37,7.37,7.37,0,3.944653
155,2010-08-13,7.34,7.34,7.34,7.34,0,3.928596
156,2010-08-16,7.36,7.36,7.36,7.36,0,3.939301
157,2010-08-17,7.46,7.46,7.46,7.46,0,3.992824
158,2010-08-18,7.47,7.47,7.47,7.47,0,3.998176
159,2010-08-19,7.4,7.4,7.4,7.4,0,3.96071
160,2010-08-20,7.42,7.42,7.42,7.42,0,3.971415
161,2010-08-23,7.37,7.37,7.37,7.37,0,3.944653
162,2010-08-24,7.26,7.26,7.26,7.26,0,3.885778
163,2010-08-25,7.3,7.3,7.3,7.3,0,3.907187
164,2010-08-26,7.24,7.24,7.24,7.24,0,3.875073
165,2010-08-27,7.36,7.36,7.36,7.36,0,3.939301
166,2010-08-30,7.25,7.25,7.25,7.25,0,3.880426
167,2010-08-31,7.21,7.21,7.21,7.21,0,3.859016
168,2010-09-01,7.41,7.41,7.41,7.41,0,3.966062
169,2010-09-02,7.5,7.5,7.5,7.5,0,4.014233
170,2010-09-03,7.64,7.64,7.64,7.64,0,4.089166
171,2010-09-07,7.55,7.55,7.55,7.55,0,4.040995
172,2010-09-08,7.61,7.61,7.61,7.61,0,4.073109
173,2010-09-09,7.63,7.63,7.63,7.63,0,4.083813
174,2010-09-10,7.64,7.64,7.64,7.64,0,4.089166
175,2010-09-13,7.85,7.85,7.85,7.85,0,4.201564
176,2010-09-14,7.88,7.88,7.88,7.88,0,4.217621
177,2010-09-15,7.93,7.93,7.93,7.93,0,4.244383
178,2010-09-16,7.95,7.95,7.95,7.95,0,4.255087
179,2010-09-17,7.99,7.99,7.99,7.99,0,4.276496
180,2010-09-20,8.14,8.14,8.14,8.14,0,4.356781
181,2010-09-21,8.13,8.13,8.13,8.13,0,4.351429
182,2010-09-22,8.06,8.06,8.06,8.06,0,4.313963
183,2010-09-23,8.05,8.05,8.05,8.05,0,4.308611
184,2010-09-24,8.25,8.25,8.25,8.25,0,4.415657
185,2010-09-27,8.25,8.25,8.25,8.25,0,4.415657
186,2010-09-28,8.28,8.28,8.28,8.28,0,4.431713
187,2010-09-29,8.31,8.31,8.31,8.31,0,4.447771
188,2010-09-30,8.25,8.25,8.25,8.25,0,4.415657
189,2010-10-01,8.25,8.25,8.25,8.25,0,4.415657
190,2010-10-04,8.18,8.18,8.18,8.18,0,4.378191
191,2010-10-05,8.38,8.38,8.38,8.38,0,4.485237
192,2010-10-06,8.27,8.27,8.27,8.27,0,4.426362
193,2010-10-07,8.28,8.28,8.28,8.28,0,4.431713
194,2010-10-08,8.32,8.32,8.32,8.32,0,4.453123
195,2010-10-11,8.31,8.31,8.31,8.31,0,4.447771
196,2010-10-12,8.35,8.35,8.35,8.35,0,4.46918
197,2010-10-13,8.44,8.44,8.44,8.44,0,4.51735
198,2010-10-14,8.43,8.43,8.43,8.43,0,4.511998
199,2010-10-15,8.53,8.53,8.53,8.53,0,4.565521
200,2010-10-18,8.54,8.54,8.54,8.54,0,4.570874
201,2010-10-19,8.35,8.35,8.35,8.35,0,4.46918
202,2010-10-20,8.46,8.46,8.46,8.46,0,4.528055
203,2010-10-21,8.44,8.44,8.44,8.44,0,4.51735
204,2010-10-22,8.54,8.54,8.54,8.54,0,4.570874
205,2010-10-25,8.61,8.61,8.61,8.61,0,4.60834
206,2010-10-26,8.6,8.6,8.6,8.6,0,4.602988
207,2010-10-27,8.66,8.66,8.66,8.66,0,4.635101
208,2010-10-28,8.63,8.63,8.63,8.63,0,4.619045
209,2010-10-29,8.62,8.62,8.62,8.62,0,4.613692
210,2010-11-01,8.6,8.6,8.6,8.6,0,4.602988
211,2010-11-02,8.69,8.69,8.69,8.69,0,4.651158
212,2010-11-03,8.76,8.76,8.76,8.76,0,4.688625
213,2010-11-04,8.91,8.91,8.91,8.91,0,4.768909
214,2010-11-05,8.93,8.93,8.93,8.93,0,4.779614
215,2010-11-08,8.93,8.93,8.93,8.93,0,4.779614
216,2010-11-09,8.87,8.87,8.87,8.87,0,4.7475
217,2010-11-10,8.91,8.91,8.91,8.91,0,4.768909
218,2010-11-11,8.84,8.84,8.84,8.84,0,4.731443
219,2010-11-12,8.71,8.71,8.71,8.71,0,4.661863
220,2010-11-15,8.67,8.67,8.67,8.67,0,4.640454
221,2010-11-16,8.56,8.56,8.56,8.56,0,4.581579
222,2010-11-17,8.58,8.58,8.58,8.58,0,4.592283
223,2010-11-18,8.75,8.75,8.75,8.75,0,4.683272
224,2010-11-19,8.77,8.77,8.77,8.77,0,4.693977
225,2010-11-22,8.86,8.86,8.86,8.86,0,4.742147
226,2010-11-23,8.7,8.7,8.7,8.7,0,4.656511
227,2010-11-24,8.88,8.88,8.88,8.88,0,4.752852
228,2010-11-26,8.85,8.85,8.85,8.85,0,4.736796
229,2010-11-29,8.84,8.84,8.84,8.84,0,4.731443
230,2010-11-30,8.77,8.77,8.77,8.77,0,4.693977
231,2010-12-01,8.97,8.97,8.97,8.97,0,4.801023
232,2010-12-02,9.08,9.08,9.08,9.08,0,4.859898
233,2010-12-03,9.14,9.14,9.14,9.14,0,4.892013
234,2010-12-06,9.14,9.14,9.14,9.14,0,4.892013
235,2010-12-07,9.14,9.14,9.14,9.14,0,4.892013
236,2010-12-08,9.21,9.21,9.21,9.21,0,4.929479
237,2010-12-09,9.3,9.3,9.3,9.3,0,4.977649
238,2010-12-10,9.33,9.33,9.33,9.33,0,4.993706
239,2010-12-13,9.33,9.33,9.33,9.33,0,4.993706
240,2010-12-14,9.31,9.31,9.31,9.31,0,4.983002
241,2010-12-15,9.24,9.24,9.24,9.24,0,4.945535
242,2010-12-16,9.32,9.32,9.32,9.32,0,4.988354
243,2010-12-17,9.34,9.34,9.34,9.34,0,4.999059
244,2010-12-20,9.35,9.35,9.35,9.35,0,5.004411
245,2010-12-21,9.43,9.43,9.43,9.43,0,5.04723
246,2010-12-22,9.45,9.45,9.45,9.45,0,5.057934
247,2010-12-23,9.42,9.42,9.42,9.42,0,5.041877
248,2010-12-27,9.44,9.44,9.44,9.44,0,5.052581
249,2010-12-28,9.42,9.42,9.42,9.42,0,5.041877
250,2010-12-29,9.44,9.44,9.44,9.44,0,5.052581
251,2010-12-30,9.44,9.44,9.44,9.44,0,5.052581
252,2010-12-31,9.42,9.42,9.42,9.42,0,5.041877
253,2011-01-03,9.57,9.57,9.57,9.57,0,5.122162
254,2011-01-04,9.59,9.59,9.59,9.59,0,5.132866
255,2011-01-05,9.67,9.67,9.67,9.67,0,5.175685
256,2011-01-06,9.72,9.72,9.72,9.72,0,5.202447
257,2011-01-07,9.69,9.69,9.69,9.69,0,5.186389
258,2011-01-10,9.74,9.74,9.74,9.74,0,5.213151
259,2011-01-11,9.8,9.8,9.8,9.8,0,5.245265
260,2011-01-12,9.9,9.9,9.9,9.9,0,5.298788
261,2011-01-13,9.92,9.92,9.92,9.92,0,5.309493
262,2011-01-14,10.04,10.04,10.04,10.04,0,5.37372
263,2011-01-18,10.05,10.05,10.05,10.05,0,5.379073
264,2011-01-19,9.95,9.95,9.95,9.95,0,5.325549
265,2011-01-20,9.77,9.77,9.77,9.77,0,5.229208
266,2011-01-21,9.73,9.73,9.73,9.73,0,5.207798
267,2011-01-24,9.8,9.8,9.8,9.8,0,5.245265
268,2011-01-25,9.81,9.81,9.81,9.81,0,5.250617
269,2011-01-26,9.94,9.94,9.94,9.94,0,5.320197
270,2011-01-27,10.02,10.02,10.02,10.02,0,5.363016
271,2011-01-28,9.86,9.86,9.86,9.86,0,5.277379
272,2011-01-31,9.86,9.86,9.86,9.86,0,5.277379
273,2011-02-01,10.11,10.11,10.11,10.11,0,5.411186
274,2011-02-02,10.12,10.12,10.12,10.12,0,5.416539
275,2011-02-03,10.13,10.13,10.13,10.13,0,5.421891
276,2011-02-04,10.26,10.26,10.26,10.26,0,5.491471
277,2011-02-07,10.3,10.3,10.3,10.3,0,5.512881
278,2011-02-08,10.33,10.33,10.33,10.33,0,5.528937
279,2011-02-09,10.33,10.33,10.33,10.33,0,5.528937
280,2011-02-10,10.36,10.36,10.36,10.36,0,5.544994
281,2011-02-11,10.43,10.43,10.43,10.43,0,5.582461
282,2011-02-14,10.5,10.5,10.5,10.5,0,5.619927
283,2011-02-15,10.45,10.45,10.45,10.45,0,5.593165
284,2011-02-16,10.54,10.54,10.54,10.54,0,5.641336
285,2011-02-17,10.57,10.57,10.57,10.57,0,5.657393
286,2011-02-18,10.58,10.58,10.58,10.58,0,5.662745
287,2011-02-22,10.21,10.21,10.21,10.21,0,5.46471
288,2011-02-23,10.06,10.06,10.06,10.06,0,5.384425
289,2011-02-24,10.16,10.16,10.16,10.16,0,5.437948
290,2011-02-25,10.34,10.34,10.34,10.34,0,5.53429
291,2011-02-28,10.38,10.38,10.38,10.38,0,5.555699
292,2011-03-01,10.23,10.23,10.23,10.23,0,5.475414
293,2011-03-02,10.26,10.26,10.26,10.26,0,5.491471
294,2011-03-03,10.46,10.46,10.46,10.46,0,5.598517
295,2011-03-04,10.46,10.46,10.46,10.46,0,5.598517
296,2011-03-07,10.32,10.32,10.32,10.32,0,5.523585
297,2011-03-08,10.38,10.38,10.38,10.38,0,5.555699
298,2011-03-09,10.28,10.28,10.28,10.28,0,5.502176
299,2011-03-10,10.04,10.04,10.04,10.04,0,5.37372
300,2011-03-11,10.1,10.1,10.1,10.1,0,5.405834
301,2011-03-14,10.01,10.01,10.01,10.01,0,5.357664
302,2011-03-15,9.88,9.88,9.88,9.88,0,5.288083
303,2011-03-16,9.68,9.68,9.68,9.68,0,5.181037
304,2011-03-17,9.76,9.76,9.76,9.76,0,5.223856
305,2011-03-18,9.83,9.83,9.83,9.83,0,5.261322
306,2011-03-21,10.04,10.04,10.04,10.04,0,5.37372
307,2011-03-22,10,10,10,10,0,5.352311
308,2011-03-23,10.05,10.05,10.05,10.05,0,5.379073
309,2011-03-24,10.21,10.21,10.21,10.21,0,5.46471
310,2011-03-25,10.23,10.23,10.23,10.23,0,5.475414
311,2011-03-28,10.19,10.19,10.19,10.19,0,5.454005
312,2011-03-29,10.27,10.27,10.27,10.27,0,5.496824
313,2011-03-30,10.36,10.36,10.36,10.36,0,5.544994
314,2011-03-31,10.38,10.38,10.38,10.38,0,5.555699
315,2011-04-01,10.4,10.4,10.4,10.4,0,5.566403
316,2011-04-04,10.36,10.36,10.36,10.36,0,5.544994
317,2011-04-05,10.32,10.32,10.32,10.32,0,5.523585
318,2011-04-06,10.35,10.35,10.35,10.35,0,5.539642
319,2011-04-07,10.31,10.31,10.31,10.31,0,5.518233
320,2011-04-08,10.32,10.32,10.32,10.32,0,5.523585
321,2011-04-11,10.27,10.27,10.27,10.27,0,5.496824
322,2011-04-12,10.13,10.13,10.13,10.13,0,5.421891
323,2011-04-13,10.27,10.27,10.27,10.27,0,5.496824
324,2011-04-14,10.29,10.29,10.29,10.29,0,5.507528
325,2011-04-15,10.28,10.28,10.28,10.28,0,5.502176
326,2011-04-18,10.21,10.21,10.21,10.21,0,5.46471
327,2011-04-19,10.34,10.34,10.34,10.34,0,5.53429
328,2011-04-20,10.59,10.59,10.59,10.59,0,5.668098
329,2011-04-21,10.72,10.72,10.72,10.72,0,5.737678
330,2011-04-25,10.73,10.73,10.73,10.73,0,5.74303
331,2011-04-26,10.75,10.75,10.75,10.75,0,5.753734
332,2011-04-27,10.79,10.79,10.79,10.79,0,5.775144
333,2011-04-28,10.76,10.76,10.76,10.76,0,5.759087
334,2011-04-29,10.79,10.79,10.79,10.79,0,5.775144
335,2011-05-02,10.75,10.75,10.75,10.75,0,5.753734
336,2011-05-03,10.6,10.6,10.6,10.6,0,5.67345
337,2011-05-04,10.53,10.53,10.53,10.53,0,5.635983
338,2011-05-05,10.52,10.52,10.52,10.52,0,5.630632
339,2011-05-06,10.58,10.58,10.58,10.58,0,5.662745
340,2011-05-09,10.65,10.65,10.65,10.65,0,5.700211
341,2011-05-10,10.75,10.75,10.75,10.75,0,5.753734
342,2011-05-11,10.64,10.64,10.64,10.64,0,5.694859
343,2011-05-12,10.68,10.68,10.68,10.68,0,5.716268
344,2011-05-13,10.56,10.56,10.56,10.56,0,5.652041
345,2011-05-16,10.37,10.37,10.37,10.37,0,5.550347
346,2011-05-17,10.35,10.35,10.35,10.35,0,5.539642
347,2011-05-18,10.48,10.48,10.48,10.48,0,5.609222
348,2011-05-19,10.51,10.51,10.51,10.51,0,5.625279
349,2011-05-20,10.44,10.44,10.44,10.44,0,5.587813
350,2011-05-23,10.22,10.22,10.22,10.22,0,5.470062
351,2011-05-24,10.17,10.17,10.17,10.17,0,5.4433
352,2011-05-25,10.23,10.23,10.23,10.23,0,5.475414
353,2011-05-26,10.35,10.35,10.35,10.35,0,5.539642
354,2011-05-27,10.46,10.46,10.46,10.46,0,5.598517
355,2011-05-31,10.62,10.62,10.62,10.62,0,5.684154
356,2011-06-01,10.4,10.4,10.4,10.4,0,5.566403
357,2011-06-02,10.43,10.43,10.43,10.43,0,5.582461
358,2011-06-03,10.29,10.29,10.29,10.29,0,5.507528
359,2011-06-06,10.14,10.14,10.14,10.14,0,5.427244
360,2011-06-07,10.16,10.16,10.16,10.16,0,5.437948
361,2011-06-08,10.03,10.03,10.03,10.03,0,5.368368
362,2011-06-09,10.04,10.04,10.04,10.04,0,5.37372
363,2011-06-10,9.83,9.83,9.83,9.83,0,5.261322
364,2011-06-13,9.79,9.79,9.79,9.79,0,5.239913
365,2011-06-14,9.97,9.97,9.97,9.97,0,5.336254
366,2011-06-15,9.76,9.76,9.76,9.76,0,5.223856
367,2011-06-16,9.66,9.66,9.66,9.66,0,5.170332
368,2011-06-17,9.59,9.59,9.59,9.59,0,5.132866
369,2011-06-20,9.59,9.59,9.59,9.59,0,5.132866
370,2011-06-21,9.85,9.85,9.85,9.85,0,5.272027
371,2011-06-22,9.78,9.78,9.78,9.78,0,5.23456
372,2011-06-23,9.87,9.87,9.87,9.87,0,5.282731
373,2011-06-24,9.79,9.79,9.79,9.79,0,5.239913
374,2011-06-27,9.88,9.88,9.88,9.88,0,5.288083
375,2011-06-28,10.03,10.03,10.03,10.03,0,5.368368
376,2011-06-29,10.07,10.07,10.07,10.07,0,5.389777
377,2011-06-30,10.21,10.21,10.21,10.21,0,5.46471
378,2011-07-01,10.39,10.39,10.39,10.39,0,5.561051
379,2011-07-05,10.45,10.45,10.45,10.45,0,5.593165
380,2011-07-06,10.49,10.49,10.49,10.49,0,5.614574
381,2011-07-07,10.63,10.63,10.63,10.63,0,5.689507
382,2011-07-08,10.56,10.56,10.56,10.56,0,5.652041
383,2011-07-11,10.3,10.3,10.3,10.3,0,5.512881
384,2011-07-12,10.16,10.16,10.16,10.16,0,5.437948
385,2011-07-13,10.25,10.25,10.25,10.25,0,5.486119
386,2011-07-14,10.13,10.13,10.13,10.13,0,5.421891
387,2011-07-15,10.23,10.23,10.23,10.23,0,5.475414
388,2011-07-18,10.16,10.16,10.16,10.16,0,5.437948
389,2011-07-19,10.4,10.4,10.4,10.4,0,5.566403
390,2011-07-20,10.35,10.35,10.35,10.35,0,5.539642
391,2011-07-21,10.36,10.36,10.36,10.36,0,5.544994
392,2011-07-22,10.51,10.51,10.51,10.51,0,5.625279
393,2011-07-25,10.44,10.44,10.44,10.44,0,5.587813
394,2011-07-26,10.53,10.53,10.53,10.53,0,5.635983
395,2011-07-27,10.21,10.21,10.21,10.21,0,5.46471
396,2011-07-28,10.13,10.13,10.13,10.13,0,5.421891
397,2011-07-29,10.05,10.05,10.05,10.05,0,5.379073
398,2011-08-01,10.02,10.02,10.02,10.02,0,5.363016
399,2011-08-02,9.75,9.75,9.75,9.75,0,5.218503
400,2011-08-03,9.87,9.87,9.87,9.87,0,5.282731
401,2011-08-04,9.37,9.37,9.37,9.37,0,5.015115
402,2011-08-05,9.25,9.25,9.25,9.25,0,4.950888
403,2011-08-08,8.63,8.63,8.63,8.63,0,4.619045
404,2011-08-09,9.12,9.12,9.12,9.12,0,4.881308
405,2011-08-10,8.77,8.77,8.77,8.77,0,4.693977
406,2011-08-11,9.2,9.2,9.2,9.2,0,4.924126
407,2011-08-12,9.27,9.27,9.27,9.27,0,4.961593
408,2011-08-15,9.52,9.52,9.52,9.52,0,5.0954
409,2011-08-16,9.34,9.34,9.34,9.34,0,4.999059
410,2011-08-17,9.25,9.25,9.25,9.25,0,4.950888
411,2011-08-18,8.66,8.66,8.66,8.66,0,4.635101
412,2011-08-19,8.52,8.52,8.52,8.52,0,4.560169
413,2011-08-22,8.53,8.53,8.53,8.53,0,4.565521
414,2011-08-23,8.93,8.93,8.93,8.93,0,4.779614
415,2011-08-24,8.96,8.96,8.96,8.96,0,4.795671
416,2011-08-25,8.79,8.79,8.79,8.79,0,4.704681
417,2011-08-26,9.04,9.04,9.04,9.04,0,4.838489
418,2011-08-29,9.34,9.34,9.34,9.34,0,4.999059
419,2011-08-30,9.38,9.38,9.38,9.38,0,5.020468
420,2011-08-31,9.39,9.39,9.39,9.39,0,5.02582
421,2011-09-01,9.28,9.28,9.28,9.28,0,4.966945
422,2011-09-02,9.02,9.02,9.02,9.02,0,4.827785
423,2011-09-06,8.94,8.94,8.94,8.94,0,4.784966
424,2011-09-07,9.22,9.22,9.22,9.22,0,4.934831
425,2011-09-08,9.15,9.15,9.15,9.15,0,4.897364
426,2011-09-09,8.93,8.93,8.93,8.93,0,4.779614
427,2011-09-12,9.03,9.03,9.03,9.03,0,4.833137
428,2011-09-13,9.18,9.18,9.18,9.18,0,4.913422
429,2011-09-14,9.32,9.32,9.32,9.32,0,4.988354
430,2011-09-15,9.45,9.45,9.45,9.45,0,5.057934
431,2011-09-16,9.5,9.5,9.5,9.5,0,5.084696
432,2011-09-19,9.43,9.43,9.43,9.43,0,5.04723
433,2011-09-20,9.3,9.3,9.3,9.3,0,4.977649
434,2011-09-21,9.17,9.17,9.17,9.17,0,4.908069
435,2011-09-22,8.81,8.81,8.81,8.81,0,4.715386
436,2011-09-23,8.92,8.92,8.92,8.92,0,4.774262
437,2011-09-26,8.98,8.98,8.98,8.98,0,4.806375
438,2011-09-27,9.15,9.15,9.15,9.15,0,4.897364
439,2011-09-28,8.93,8.93,8.93,8.93,0,4.779614
440,2011-09-29,8.86,8.86,8.86,8.86,0,4.742147
441,2011-09-30,8.59,8.59,8.59,8.59,0,4.597635
442,2011-10-03,8.3,8.3,8.3,8.3,0,4.442418
443,2011-10-04,8.53,8.53,8.53,8.53,0,4.565521
444,2011-10-05,8.75,8.75,8.75,8.75,0,4.683272
445,2011-10-06,8.96,8.96,8.96,8.96,0,4.795671
446,2011-10-07,8.88,8.88,8.88,8.88,0,4.752852
447,2011-10-10,9.19,9.19,9.19,9.19,0,4.918774
448,2011-10-11,9.3,9.3,9.3,9.3,0,4.977649
449,2011-10-12,9.42,9.42,9.42,9.42,0,5.041877
450,2011-10-13,9.57,9.57,9.57,9.57,0,5.122162
451,2011-10-14,9.76,9.76,9.76,9.76,0,5.223856
452,2011-10-17,9.59,9.59,9.59,9.59,0,5.132866
453,2011-10-18,9.73,9.73,9.73,9.73,0,5.207798
454,2011-10-19,9.43,9.43,9.43,9.43,0,5.04723
455,2011-10-20,9.39,9.39,9.39,9.39,0,5.02582
456,2011-10-21,9.54,9.54,9.54,9.54,0,5.106105
457,2011-10-24,9.89,9.89,9.89,9.89,0,5.293436
458,2011-10-25,9.72,9.72,9.72,9.72,0,5.202447
459,2011-10-26,9.78,9.78,9.78,9.78,0,5.23456
460,2011-10-27,10.14,10.14,10.14,10.14,0,5.427244
461,2011-10-28,10.17,10.17,10.17,10.17,0,5.4433
462,2011-10-31,9.9,9.9,9.9,9.9,0,5.298788
463,2011-11-01,9.63,9.63,9.63,9.63,0,5.154276
464,2011-11-02,9.78,9.78,9.78,9.78,0,5.23456
465,2011-11-03,10.03,10.03,10.03,10.03,0,5.368368
466,2011-11-04,10.08,10.08,10.08,10.08,0,5.39513
467,2011-11-07,10.05,10.05,10.05,10.05,0,5.379073
468,2011-11-08,10.17,10.17,10.17,10.17,0,5.4433
469,2011-11-09,9.78,9.78,9.78,9.78,0,5.23456
470,2011-11-10,9.75,9.75,9.75,9.75,0,5.218503
471,2011-11-11,9.97,9.97,9.97,9.97,0,5.336254
472,2011-11-14,9.92,9.92,9.92,9.92,0,5.309493
473,2011-11-15,10.01,10.01,10.01,10.01,0,5.357664
474,2011-11-16,9.86,9.86,9.86,9.86,0,5.277379
475,2011-11-17,9.65,9.65,9.65,9.65,0,5.16498
476,2011-11-18,9.55,9.55,9.55,9.55,0,5.111457
477,2011-11-21,9.28,9.28,9.28,9.28,0,4.966945
478,2011-11-22,9.25,9.25,9.25,9.25,0,4.950888
479,2011-11-23,8.95,8.95,8.95,8.95,0,4.790318
480,2011-11-25,8.88,8.88,8.88,8.88,0,4.752852
481,2011-11-28,9.21,9.21,9.21,9.21,0,4.929479
482,2011-11-29,9.17,9.17,9.17,9.17,0,4.908069
483,2011-11-30,9.55,9.55,9.55,9.55,0,5.111457
484,2011-12-01,9.63,9.63,9.63,9.63,0,5.154276
485,2011-12-02,9.64,9.64,9.64,9.64,0,5.159628
486,2011-12-05,9.8,9.8,9.8,9.8,0,5.245265
487,2011-12-06,9.71,9.71,9.71,9.71,0,5.197094
488,2011-12-07,9.7,9.7,9.7,9.7,0,5.191742
489,2011-12-08,9.52,9.52,9.52,9.52,0,5.0954
490,2011-12-09,9.67,9.67,9.67,9.67,0,5.175685
491,2011-12-12,9.5,9.5,9.5,9.5,0,5.084696
492,2011-12-13,9.33,9.33,9.33,9.33,0,4.993706
493,2011-12-14,9.11,9.11,9.11,9.11,0,4.875955
494,2011-12-15,9.07,9.07,9.07,9.07,0,4.854546
495,2011-12-16,8.8,8.8,8.8,8.8,0,4.876713
496,2011-12-19,8.63,8.63,8.63,8.63,0,4.782504
497,2011-12-20,8.95,8.95,8.95,8.95,0,4.959839
498,2011-12-21,8.77,8.77,8.77,8.77,0,4.860088
499,2011-12-22,8.94,8.94,8.94,8.94,0,4.954297
500,2011-12-23,9.01,9.01,9.01,9.01,0,4.993089
501,2011-12-27,9.01,9.01,9.01,9.01,0,4.993089
502,2011-12-28,8.9,8.9,8.9,8.9,0,4.93213
503,2011-12-29,8.97,8.97,8.97,8.97,0,4.970922
504,2011-12-30,8.95,8.95,8.95,8.95,0,4.959839
505,2012-01-03,9.1,9.1,9.1,9.1,0,5.042965
506,2012-01-04,9.04,9.04,9.04,9.04,0,5.009714
507,2012-01-05,9.09,9.09,9.09,9.09,0,5.037423
508,2012-01-06,9.09,9.09,9.09,9.09,0,5.037423
509,2012-01-09,9.14,9.14,9.14,9.14,0,5.065132
510,2012-01-10,9.21,9.21,9.21,9.21,0,5.103923
511,2012-01-11,9.27,9.27,9.27,9.27,0,5.137174
512,2012-01-12,9.33,9.33,9.33,9.33,0,5.170424
513,2012-01-13,9.28,9.28,9.28,9.28,0,5.142715
514,2012-01-17,9.37,9.37,9.37,9.37,0,5.192591
515,2012-01-18,9.61,9.61,9.61,9.61,0,5.325592
516,2012-01-19,9.77,9.77,9.77,9.77,0,5.41426
517,2012-01-20,9.75,9.75,9.75,9.75,0,5.403176
518,2012-01-23,9.73,9.73,9.73,9.73,0,5.392093
519,2012-01-24,9.75,9.75,9.75,9.75,0,5.403176
520,2012-01-25,9.85,9.85,9.85,9.85,0,5.458594
521,2012-01-26,9.81,9.81,9.81,9.81,0,5.436427
522,2012-01-27,9.9,9.9,9.9,9.9,0,5.486302
523,2012-01-30,9.86,9.86,9.86,9.86,0,5.464135
524,2012-01-31,9.87,9.87,9.87,9.87,0,5.469677
525,2012-02-01,10.03,10.03,10.03,10.03,0,5.558344
526,2012-02-02,10.11,10.11,10.11,10.11,0,5.602678
527,2012-02-03,10.33,10.33,10.33,10.33,0,5.724596
528,2012-02-06,10.23,10.23,10.23,10.23,0,5.669178
529,2012-02-07,10.25,10.25,10.25,10.25,0,5.680262
530,2012-02-08,10.32,10.32,10.32,10.32,0,5.719054
531,2012-02-09,10.42,10.42,10.42,10.42,0,5.774471
532,2012-02-10,10.34,10.34,10.34,10.34,0,5.730138
533,2012-02-13,10.45,10.45,10.45,10.45,0,5.791096
534,2012-02-14,10.46,10.46,10.46,10.46,0,5.796638
535,2012-02-15,10.46,10.46,10.46,10.46,0,5.796638
536,2012-02-16,10.63,10.63,10.63,10.63,0,5.890848
537,2012-02-17,10.57,10.57,10.57,10.57,0,5.857597
538,2012-02-21,10.55,10.55,10.55,10.55,0,5.846514
539,2012-02-22,10.5,10.5,10.5,10.5,0,5.818805
540,2012-02-23,10.56,10.56,10.56,10.56,0,5.852056
541,2012-02-24,10.63,10.63,10.63,10.63,0,5.890848
542,2012-02-27,10.63,10.63,10.63,10.63,0,5.890848
543,2012-02-28,10.73,10.73,10.73,10.73,0,5.946264
544,2012-02-29,10.64,10.64,10.64,10.64,0,5.896389
545,2012-03-01,10.71,10.71,10.71,10.71,0,5.935181
546,2012-03-02,10.68,10.68,10.68,10.68,0,5.918556
547,2012-03-05,10.5,10.5,10.5,10.5,0,5.818805
548,2012-03-06,10.3,10.3,10.3,10.3,0,5.707971
549,2012-03-07,10.42,10.42,10.42,10.42,0,5.774471
550,2012-03-08,10.61,10.61,10.61,10.61,0,5.879764
551,2012-03-09,10.69,10.69,10.69,10.69,0,5.924098
552,2012-03-12,10.65,10.65,10.65,10.65,0,5.901931
553,2012-03-13,10.85,10.85,10.85,10.85,0,6.012766
554,2012-03-14,10.83,10.83,10.83,10.83,0,6.001682
555,2012-03-15,10.92,10.92,10.92,10.92,0,6.051557
556,2012-03-16,10.94,10.94,10.94,10.94,0,6.062641
557,2012-03-19,11.04,11.04,11.04,11.04,0,6.118058
558,2012-03-20,10.99,10.99,10.99,10.99,0,6.090349
559,2012-03-21,11.01,11.01,11.01,11.01,0,6.101433
560,2012-03-22,10.97,10.97,10.97,10.97,0,6.079266
561,2012-03-23,11.02,11.02,11.02,11.02,0,6.106975
562,2012-03-26,11.23,11.23,11.23,11.23,0,6.22335
563,2012-03-27,11.27,11.27,11.27,11.27,0,6.245518
564,2012-03-28,11.2,11.2,11.2,11.2,0,6.206725
565,2012-03-29,11.17,11.17,11.17,11.17,0,6.1901
566,2012-03-30,11.18,11.18,11.18,11.18,0,6.195642
567,2012-04-02,11.26,11.26,11.26,11.26,0,6.239976
568,2012-04-03,11.23,11.23,11.23,11.23,0,6.22335
569,2012-04-04,10.99,10.99,10.99,10.99,0,6.090349
570,2012-04-05,11.02,11.02,11.02,11.02,0,6.106975
571,2012-04-09,10.91,10.91,10.91,10.91,0,6.046016
572,2012-04-10,10.71,10.71,10.71,10.71,0,5.935181
573,2012-04-11,10.82,10.82,10.82,10.82,0,5.99614
574,2012-04-12,10.99,10.99,10.99,10.99,0,6.090349
575,2012-04-13,10.84,10.84,10.84,10.84,0,6.007224
576,2012-04-16,10.72,10.72,10.72,10.72,0,5.940723
577,2012-04-17,10.93,10.93,10.93,10.93,0,6.057099
578,2012-04-18,10.9,10.9,10.9,10.9,0,6.040474
579,2012-04-19,10.8,10.8,10.8,10.8,0,5.985057
580,2012-04-20,10.69,10.69,10.69,10.69,0,5.924098
581,2012-04-23,10.5,10.5,10.5,10.5,0,5.818805
582,2012-04-24,10.47,10.47,10.47,10.47,0,5.80218
583,2012-04-25,10.74,10.74,10.74,10.74,0,5.951806
584,2012-04-26,10.78,10.78,10.78,10.78,0,5.973973
585,2012-04-27,10.84,10.84,10.84,10.84,0,6.007224
586,2012-04-30,10.76,10.76,10.76,10.76,0,5.96289
587,2012-05-01,10.77,10.77,10.77,10.77,0,5.968432
588,2012-05-02,10.77,10.77,10.77,10.77,0,5.968432
589,2012-05-03,10.61,10.61,10.61,10.61,0,5.879764
590,2012-05-04,10.4,10.4,10.4,10.4,0,5.763388
591,2012-05-07,10.37,10.37,10.37,10.37,0,5.746763
592,2012-05-08,10.28,10.28,10.28,10.28,0,5.696887
593,2012-05-09,10.27,10.27,10.27,10.27,0,5.691346
594,2012-05-10,10.17,10.17,10.17,10.17,0,5.635928
595,2012-05-11,10.15,10.15,10.15,10.15,0,5.624845
596,2012-05-14,10.02,10.02,10.02,10.02,0,5.552803
597,2012-05-15,10.03,10.03,10.03,10.03,0,5.558344
598,2012-05-16,9.89,9.89,9.89,9.89,0,5.48076
599,2012-05-17,9.69,9.69,9.69,9.69,0,5.369926
600,2012-05-18,9.55,9.55,9.55,9.55,0,5.292342
601,2012-05-21,9.83,9.83,9.83,9.83,0,5.44751
602,2012-05-22,9.86,9.86,9.86,9.86,0,5.464135
603,2012-05-23,9.87,9.87,9.87,9.87,0,5.469677
604,2012-05-24,9.74,9.74,9.74,9.74,0,5.397634
605,2012-05-25,9.7,9.7,9.7,9.7,0,5.375468
606,2012-05-29,9.87,9.87,9.87,9.87,0,5.469677
607,2012-05-30,9.72,9.72,9.72,9.72,0,5.386551
608,2012-05-31,9.7,9.7,9.7,9.7,0,5.375468
609,2012-06-01,9.4,9.4,9.4,9.4,0,5.209216
610,2012-06-04,9.41,9.41,9.41,9.41,0,5.214758
611,2012-06-05,9.56,9.56,9.56,9.56,0,5.297884
612,2012-06-06,9.85,9.85,9.85,9.85,0,5.458594
613,2012-06-07,9.78,9.78,9.78,9.78,0,5.419801
614,2012-06-08,9.85,9.85,9.85,9.85,0,5.458594
615,2012-06-11,9.68,9.68,9.68,9.68,0,5.364384
616,2012-06-12,9.8,9.8,9.8,9.8,0,5.430885
617,2012-06-13,9.72,9.72,9.72,9.72,0,5.386551
618,2012-06-14,9.7,9.7,9.7,9.7,0,5.375468
619,2012-06-15,9.86,9.86,9.86,9.86,0,5.464135
620,2012-06-18,9.96,9.96,9.96,9.96,0,5.519552
621,2012-06-19,10.08,10.08,10.08,10.08,0,5.586053
622,2012-06-20,10.1,10.1,10.1,10.1,0,5.597137
623,2012-06-21,9.82,9.82,9.82,9.82,0,5.441968
624,2012-06-22,9.91,9.91,9.91,9.91,0,5.491844
625,2012-06-25,9.66,9.66,9.66,9.66,0,5.353301
626,2012-06-26,9.67,9.67,9.67,9.67,0,5.358843
627,2012-06-27,9.75,9.75,9.75,9.75,0,5.403176
628,2012-06-28,9.67,9.67,9.67,9.67,0,5.358843
629,2012-06-29,10.05,10.05,10.05,10.05,0,5.569428
630,2012-07-02,10.04,10.04,10.04,10.04,0,5.563886
631,2012-07-03,10.15,10.15,10.15,10.15,0,5.624845
632,2012-07-05,10.17,10.17,10.17,10.17,0,5.635928
633,2012-07-06,9.94,9.94,9.94,9.94,0,5.508469
634,2012-07-09,9.84,9.84,9.84,9.84,0,5.453052
635,2012-07-10,9.71,9.71,9.71,9.71,0,5.381009
636,2012-07-11,9.64,9.64,9.64,9.64,0,5.342217
637,2012-07-12,9.53,9.53,9.53,9.53,0,5.281258
638,2012-07-13,9.66,9.66,9.66,9.66,0,5.353301
639,2012-07-16,9.59,9.59,9.59,9.59,0,5.314509
640,2012-07-17,9.58,9.58,9.58,9.58,0,5.308967
641,2012-07-18,9.79,9.79,9.79,9.79,0,5.425343
642,2012-07-19,9.98,9.98,9.98,9.98,0,5.530636
643,2012-07-20,9.86,9.86,9.86,9.86,0,5.464135
644,2012-07-23,9.75,9.75,9.75,9.75,0,5.403176
645,2012-07-24,9.66,9.66,9.66,9.66,0,5.353301
646,2012-07-25,9.72,9.72,9.72,9.72,0,5.386551
647,2012-07-26,9.89,9.89,9.89,9.89,0,5.48076
648,2012-07-27,10.18,10.18,10.18,10.18,0,5.64147
649,2012-07-30,10.13,10.13,10.13,10.13,0,5.613762
650,2012-07-31,10.18,10.18,10.18,10.18,0,5.64147
651,2012-08-01,10.12,10.12,10.12,10.12,0,5.60822
652,2012-08-02,10.06,10.06,10.06,10.06,0,5.57497
653,2012-08-03,10.23,10.23,10.23,10.23,0,5.669178
654,2012-08-06,10.37,10.37,10.37,10.37,0,5.746763
655,2012-08-07,10.5,10.5,10.5,10.5,0,5.818805
656,2012-08-08,10.46,10.46,10.46,10.46,0,5.796638
657,2012-08-09,10.57,10.57,10.57,10.57,0,5.857597
658,2012-08-10,10.57,10.57,10.57,10.57,0,5.857597
659,2012-08-13,10.55,10.55,10.55,10.55,0,5.846514
660,2012-08-14,10.5,10.5,10.5,10.5,0,5.818805
661,2012-08-15,10.54,10.54,10.54,10.54,0,5.840972
662,2012-08-16,10.71,10.71,10.71,10.71,0,5.935181
663,2012-08-17,10.74,10.74,10.74,10.74,0,5.951806
664,2012-08-20,10.74,10.74,10.74,10.74,0,5.951806
665,2012-08-21,10.73,10.73,10.73,10.73,0,5.946264
666,2012-08-22,10.73,10.73,10.73,10.73,0,5.946264
667,2012-08-23,10.66,10.66,10.66,10.66,0,5.907473
668,2012-08-24,10.67,10.67,10.67,10.67,0,5.913014
669,2012-08-27,10.66,10.66,10.66,10.66,0,5.907473
670,2012-08-28,10.66,10.66,10.66,10.66,0,5.907473
671,2012-08-29,10.7,10.7,10.7,10.7,0,5.929639
672,2012-08-30,10.56,10.56,10.56,10.56,0,5.852056
673,2012-08-31,10.62,10.62,10.62,10.62,0,5.885306
674,2012-09-04,10.63,10.63,10.63,10.63,0,5.890848
675,2012-09-05,10.57,10.57,10.57,10.57,0,5.857597
676,2012-09-06,10.85,10.85,10.85,10.85,0,6.012766
677,2012-09-07,10.88,10.88,10.88,10.88,0,6.029391
678,2012-09-10,10.75,10.75,10.75,10.75,0,5.957348
679,2012-09-11,10.78,10.78,10.78,10.78,0,5.973973
680,2012-09-12,10.86,10.86,10.86,10.86,0,6.018307
681,2012-09-13,11.01,11.01,11.01,11.01,0,6.101433
682,2012-09-14,11.17,11.17,11.17,11.17,0,6.1901
683,2012-09-17,11.14,11.14,11.14,11.14,0,6.173475
684,2012-09-18,11.12,11.12,11.12,11.12,0,6.162392
685,2012-09-19,11.13,11.13,11.13,11.13,0,6.167934
686,2012-09-20,11.03,11.03,11.03,11.03,0,6.112516
687,2012-09-21,11.04,11.04,11.04,11.04,0,6.118058
688,2012-09-24,10.96,10.96,10.96,10.96,0,6.073724
689,2012-09-25,10.77,10.77,10.77,10.77,0,5.968432
690,2012-09-26,10.66,10.66,10.66,10.66,0,5.907473
691,2012-09-27,10.83,10.83,10.83,10.83,0,6.001682
692,2012-09-28,10.76,10.76,10.76,10.76,0,5.96289
693,2012-10-01,10.72,10.72,10.72,10.72,0,5.940723
694,2012-10-02,10.75,10.75,10.75,10.75,0,5.957348
695,2012-10-03,10.79,10.79,10.79,10.79,0,5.979515
696,2012-10-04,10.81,10.81,10.81,10.81,0,5.990599
697,2012-10-05,10.75,10.75,10.75,10.75,0,5.957348
698,2012-10-08,10.65,10.65,10.65,10.65,0,5.901931
699,2012-10-09,10.47,10.47,10.47,10.47,0,5.80218
700,2012-10-10,10.4,10.4,10.4,10.4,0,5.763388
701,2012-10-11,10.37,10.37,10.37,10.37,0,5.746763
702,2012-10-12,10.36,10.36,10.36,10.36,0,5.741221
703,2012-10-15,10.47,10.47,10.47,10.47,0,5.80218
704,2012-10-16,10.66,10.66,10.66,10.66,0,5.907473
705,2012-10-17,10.63,10.63,10.63,10.63,0,5.890848
706,2012-10-18,10.53,10.53,10.53,10.53,0,5.83543
707,2012-10-19,10.26,10.26,10.26,10.26,0,5.685804
708,2012-10-22,10.37,10.37,10.37,10.37,0,5.746763
709,2012-10-23,10.27,10.27,10.27,10.27,0,5.691346
710,2012-10-24,10.23,10.23,10.23,10.23,0,5.669178
711,2012-10-25,10.19,10.19,10.19,10.19,0,5.647012
712,2012-10-26,10.21,10.21,10.21,10.21,0,5.658095
713,2012-10-31,10.18,10.18,10.18,10.18,0,5.64147
714,2012-11-01,10.37,10.37,10.37,10.37,0,5.746763
715,2012-11-02,10.24,10.24,10.24,10.24,0,5.67472
716,2012-11-05,10.33,10.33,10.33,10.33,0,5.724596
717,2012-11-06,10.39,10.39,10.39,10.39,0,5.757846
718,2012-11-07,10.12,10.12,10.12,10.12,0,5.60822
719,2012-11-08,9.97,9.97,9.97,9.97,0,5.525094
720,2012-11-09,10.02,10.02,10.02,10.02,0,5.552803
721,2012-11-12,10.02,10.02,10.02,10.02,0,5.552803
722,2012-11-13,9.95,9.95,9.95,9.95,0,5.51401
723,2012-11-14,9.85,9.85,9.85,9.85,0,5.458594
724,2012-11-15,9.82,9.82,9.82,9.82,0,5.441968
725,2012-11-16,9.85,9.85,9.85,9.85,0,5.458594
726,2012-11-19,10.12,10.12,10.12,10.12,0,5.60822
727,2012-11-20,10.12,10.12,10.12,10.12,0,5.60822
728,2012-11-21,10.18,10.18,10.18,10.18,0,5.64147
729,2012-11-23,10.37,10.37,10.37,10.37,0,5.746763
730,2012-11-26,10.42,10.42,10.42,10.42,0,5.774471
731,2012-11-27,10.41,10.41,10.41,10.41,0,5.76893
732,2012-11-28,10.5,10.5,10.5,10.5,0,5.818805
733,2012-11-29,10.6,10.6,10.6,10.6,0,5.874223
734,2012-11-30,10.56,10.56,10.56,10.56,0,5.852056
735,2012-12-03,10.55,10.55,10.55,10.55,0,5.846514
736,2012-12-04,10.49,10.49,10.49,10.49,0,5.813263
737,2012-12-05,10.33,10.33,10.33,10.33,0,5.724596
738,2012-12-06,10.41,10.41,10.41,10.41,0,5.76893
739,2012-12-07,10.37,10.37,10.37,10.37,0,5.746763
740,2012-12-10,10.42,10.42,10.42,10.42,0,5.774471
741,2012-12-11,10.58,10.58,10.58,10.58,0,5.863139
742,2012-12-12,10.56,10.56,10.56,10.56,0,5.852056
743,2012-12-13,10.5,10.5,10.5,10.5,0,5.818805
744,2012-12-14,10.4,10.4,10.4,10.4,0,5.763388
745,2012-12-17,10.53,10.53,10.53,10.53,0,5.83543
746,2012-12-18,10.18,10.18,10.18,10.18,0,5.955356
747,2012-12-19,10.14,10.14,10.14,10.14,0,5.931956
748,2012-12-20,10.15,10.15,10.15,10.15,0,5.937806
749,2012-12-21,10.06,10.06,10.06,10.06,0,5.885156
750,2012-12-24,10.03,10.03,10.03,10.03,0,5.867605
751,2012-12-26,10,10,10,10,0,5.850055
752,2012-12-27,9.99,9.99,9.99,9.99,0,5.844205
753,2012-12-28,9.9,9.9,9.9,9.9,0,5.791554
754,2012-12-31,10.12,10.12,10.12,10.12,0,5.920256
755,2013-01-02,10.41,10.41,10.41,10.41,0,6.089907
756,2013-01-03,10.33,10.33,10.33,10.33,0,6.043107
757,2013-01-04,10.29,10.29,10.29,10.29,0,6.019707
758,2013-01-07,10.23,10.23,10.23,10.23,0,5.984606
759,2013-01-08,10.18,10.18,10.18,10.18,0,5.955356
760,2013-01-09,10.24,10.24,10.24,10.24,0,5.990456
761,2013-01-10,10.37,10.37,10.37,10.37,0,6.066507
762,2013-01-11,10.41,10.41,10.41,10.41,0,6.089907
763,2013-01-14,10.33,10.33,10.33,10.33,0,6.043107
764,2013-01-15,10.26,10.26,10.26,10.26,0,6.002157
765,2013-01-16,10.32,10.32,10.32,10.32,0,6.037257
766,2013-01-17,10.36,10.36,10.36,10.36,0,6.060657
767,2013-01-18,10.35,10.35,10.35,10.35,0,6.054807
768,2013-01-22,10.34,10.34,10.34,10.34,0,6.048957
769,2013-01-23,10.41,10.41,10.41,10.41,0,6.089907
770,2013-01-24,10.26,10.26,10.26,10.26,0,6.002157
771,2013-01-25,10.34,10.34,10.34,10.34,0,6.048957
772,2013-01-28,10.38,10.38,10.38,10.38,0,6.072357
773,2013-01-29,10.32,10.32,10.32,10.32,0,6.037257
774,2013-01-30,10.29,10.29,10.29,10.29,0,6.019707
775,2013-01-31,10.3,10.3,10.3,10.3,0,6.025557
776,2013-02-01,10.42,10.42,10.42,10.42,0,6.095758
777,2013-02-04,10.28,10.28,10.28,10.28,0,6.013857
778,2013-02-05,10.38,10.38,10.38,10.38,0,6.072357
779,2013-02-06,10.39,10.39,10.39,10.39,0,6.078208
780,2013-02-07,10.36,10.36,10.36,10.36,0,6.060657
781,2013-02-08,10.53,10.53,10.53,10.53,0,6.160108
782,2013-02-11,10.56,10.56,10.56,10.56,0,6.177659
783,2013-02-12,10.52,10.52,10.52,10.52,0,6.154258
784,2013-02-13,10.53,10.53,10.53,10.53,0,6.160108
785,2013-02-14,10.61,10.61,10.61,10.61,0,6.206908
786,2013-02-15,10.58,10.58,10.58,10.58,0,6.189358
787,2013-02-19,10.64,10.64,10.64,10.64,0,6.224459
788,2013-02-20,10.47,10.47,10.47,10.47,0,6.125008
789,2013-02-21,10.34,10.34,10.34,10.34,0,6.048957
790,2013-02-22,10.46,10.46,10.46,10.46,0,6.119158
791,2013-02-25,10.28,10.28,10.28,10.28,0,6.013857
792,2013-02-26,10.32,10.32,10.32,10.32,0,6.037257
793,2013-02-27,10.41,10.41,10.41,10.41,0,6.089907
794,2013-02-28,10.4,10.4,10.4,10.4,0,6.084057
795,2013-03-01,10.38,10.38,10.38,10.38,0,6.072357
796,2013-03-04,10.36,10.36,10.36,10.36,0,6.060657
797,2013-03-05,10.55,10.55,10.55,10.55,0,6.171808
798,2013-03-06,10.57,10.57,10.57,10.57,0,6.183508
799,2013-03-07,10.59,10.59,10.59,10.59,0,6.195209
800,2013-03-08,10.59,10.59,10.59,10.59,0,6.195209
801,2013-03-11,10.64,10.64,10.64,10.64,0,6.224459
802,2013-03-12,10.59,10.59,10.59,10.59,0,6.195209
803,2013-03-13,10.63,10.63,10.63,10.63,0,6.218609
804,2013-03-14,10.69,10.69,10.69,10.69,0,6.253709
805,2013-03-15,10.66,10.66,10.66,10.66,0,6.236159
806,2013-03-18,10.61,10.61,10.61,10.61,0,6.206908
807,2013-03-19,10.56,10.56,10.56,10.56,0,6.177659
808,2013-03-20,10.62,10.62,10.62,10.62,0,6.212759
809,2013-03-21,10.52,10.52,10.52,10.52,0,6.154258
810,2013-03-22,10.55,10.55,10.55,10.55,0,6.171808
811,2013-03-25,10.51,10.51,10.51,10.51,0,6.148408
812,2013-03-26,10.54,10.54,10.54,10.54,0,6.165958
813,2013-03-27,10.54,10.54,10.54,10.54,0,6.165958
814,2013-03-28,10.54,10.54,10.54,10.54,0,6.165958
815,2013-04-01,10.39,10.39,10.39,10.39,0,6.078208
816,2013-04-02,10.4,10.4,10.4,10.4,0,6.084057
817,2013-04-03,10.3,10.3,10.3,10.3,0,6.025557
818,2013-04-04,10.32,10.32,10.32,10.32,0,6.037257
819,2013-04-05,10.2,10.2,10.2,10.2,0,5.967056
820,2013-04-08,10.24,10.24,10.24,10.24,0,5.990456
821,2013-04-09,10.31,10.31,10.31,10.31,0,6.031407
822,2013-04-10,10.51,10.51,10.51,10.51,0,6.148408
823,2013-04-11,10.49,10.49,10.49,10.49,0,6.136708
824,2013-04-12,10.44,10.44,10.44,10.44,0,6.107457
825,2013-04-15,10.21,10.21,10.21,10.21,0,5.972906
826,2013-04-16,10.4,10.4,10.4,10.4,0,6.084057
827,2013-04-17,10.09,10.09,10.09,10.09,0,5.902706
828,2013-04-18,9.92,9.92,9.92,9.92,0,5.803255
829,2013-04-19,9.93,9.93,9.93,9.93,0,5.809105
830,2013-04-22,10.02,10.02,10.02,10.02,0,5.861756
831,2013-04-23,10.17,10.17,10.17,10.17,0,5.949506
832,2013-04-24,10.19,10.19,10.19,10.19,0,5.961206
833,2013-04-25,10.34,10.34,10.34,10.34,0,6.048957
834,2013-04-26,10.28,10.28,10.28,10.28,0,6.013857
835,2013-04-29,10.4,10.4,10.4,10.4,0,6.084057
836,2013-04-30,10.49,10.49,10.49,10.49,0,6.136708
837,2013-05-01,10.38,10.38,10.38,10.38,0,6.072357
838,2013-05-02,10.52,10.52,10.52,10.52,0,6.154258
839,2013-05-03,10.69,10.69,10.69,10.69,0,6.253709
840,2013-05-06,10.8,10.8,10.8,10.8,0,6.31806
841,2013-05-07,10.79,10.79,10.79,10.79,0,6.31221
842,2013-05-08,10.88,10.88,10.88,10.88,0,6.36486
843,2013-05-09,10.84,10.84,10.84,10.84,0,6.34146
844,2013-05-10,10.92,10.92,10.92,10.92,0,6.38826
845,2013-05-13,10.88,10.88,10.88,10.88,0,6.36486
846,2013-05-14,10.93,10.93,10.93,10.93,0,6.394111
847,2013-05-15,10.93,10.93,10.93,10.93,0,6.394111
848,2013-05-16,11.02,11.02,11.02,11.02,0,6.446761
849,2013-05-17,11.11,11.11,11.11,11.11,0,6.499411
850,2013-05-20,11.16,11.16,11.16,11.16,0,6.528662
851,2013-05-21,11.13,11.13,11.13,11.13,0,6.511112
852,2013-05-22,10.97,10.97,10.97,10.97,0,6.417511
853,2013-05-23,10.9,10.9,10.9,10.9,0,6.37656
854,2013-05-24,10.93,10.93,10.93,10.93,0,6.394111
855,2013-05-28,11.01,11.01,11.01,11.01,0,6.440911
856,2013-05-29,11.02,11.02,11.02,11.02,0,6.446761
857,2013-05-30,11.16,11.16,11.16,11.16,0,6.528662
858,2013-05-31,11.07,11.07,11.07,11.07,0,6.476011
859,2013-06-03,11.04,11.04,11.04,11.04,0,6.458461
860,2013-06-04,11.02,11.02,11.02,11.02,0,6.446761
861,2013-06-05,10.92,10.92,10.92,10.92,0,6.38826
862,2013-06-06,10.95,10.95,10.95,10.95,0,6.40581
863,2013-06-07,11.06,11.06,11.06,11.06,0,6.470161
864,2013-06-10,11.09,11.09,11.09,11.09,0,6.487711
865,2013-06-11,10.96,10.96,10.96,10.96,0,6.411661
866,2013-06-12,10.87,10.87,10.87,10.87,0,6.35901
867,2013-06-13,10.99,10.99,10.99,10.99,0,6.429211
868,2013-06-14,10.93,10.93,10.93,10.93,0,6.394111
869,2013-06-17,11.01,11.01,11.01,11.01,0,6.440911
870,2013-06-18,11.1,11.1,11.1,11.1,0,6.493562
871,2013-06-19,11.01,11.01,11.01,11.01,0,6.440911
872,2013-06-20,10.83,10.83,10.83,10.83,0,6.33561
873,2013-06-21,10.77,10.77,10.77,10.77,0,6.30051
874,2013-06-24,10.6,10.6,10.6,10.6,0,6.201059
875,2013-06-25,10.7,10.7,10.7,10.7,0,6.259559
876,2013-06-26,10.77,10.77,10.77,10.77,0,6.30051
877,2013-06-27,10.87,10.87,10.87,10.87,0,6.35901
878,2013-06-28,10.87,10.87,10.87,10.87,0,6.35901
879,2013-07-01,10.93,10.93,10.93,10.93,0,6.394111
880,2013-07-02,10.94,10.94,10.94,10.94,0,6.39996
881,2013-07-03,11,11,11,11,0,6.435061
882,2013-07-05,11.08,11.08,11.08,11.08,0,6.481861
883,2013-07-08,11,11,11,11,0,6.435061
884,2013-07-09,11.1,11.1,11.1,11.1,0,6.493562
885,2013-07-10,11.16,11.16,11.16,11.16,0,6.528662
886,2013-07-11,11.37,11.37,11.37,11.37,0,6.651513
887,2013-07-12,11.41,11.41,11.41,11.41,0,6.674913
888,2013-07-15,11.48,11.48,11.48,11.48,0,6.715863
889,2013-07-16,11.49,11.49,11.49,11.49,0,6.721713
890,2013-07-17,11.58,11.58,11.58,11.58,0,6.774364
891,2013-07-18,11.56,11.56,11.56,11.56,0,6.762664
892,2013-07-19,11.47,11.47,11.47,11.47,0,6.710013
893,2013-07-22,11.48,11.48,11.48,11.48,0,6.715863
894,2013-07-23,11.51,11.51,11.51,11.51,0,6.733414
895,2013-07-24,11.63,11.63,11.63,11.63,0,6.803614
896,2013-07-25,11.75,11.75,11.75,11.75,0,6.873815
897,2013-07-26,11.74,11.74,11.74,11.74,0,6.867965
898,2013-07-29,11.74,11.74,11.74,11.74,0,6.867965
899,2013-07-30,11.8,11.8,11.8,11.8,0,6.903065
900,2013-07-31,11.81,11.81,11.81,11.81,0,6.908915
901,2013-08-01,12,12,12,12,0,7.020066
902,2013-08-02,12.05,12.05,12.05,12.05,0,7.049317
903,2013-08-05,12.07,12.07,12.07,12.07,0,7.061016
904,2013-08-06,11.97,11.97,11.97,11.97,0,7.002516
905,2013-08-07,11.92,11.92,11.92,11.92,0,6.973266
906,2013-08-08,11.96,11.96,11.96,11.96,0,6.996666
907,2013-08-09,11.9,11.9,11.9,11.9,0,6.961565
908,2013-08-12,11.95,11.95,11.95,11.95,0,6.990816
909,2013-08-13,12.1,12.1,12.1,12.1,0,7.078567
910,2013-08-14,12.1,12.1,12.1,12.1,0,7.078567
911,2013-08-15,11.9,11.9,11.9,11.9,0,6.961565
912,2013-08-16,11.93,11.93,11.93,11.93,0,6.979116
913,2013-08-19,11.9,11.9,11.9,11.9,0,6.961565
914,2013-08-20,11.92,11.92,11.92,11.92,0,6.973266
915,2013-08-21,11.88,11.88,11.88,11.88,0,6.949866
916,2013-08-22,11.99,11.99,11.99,11.99,0,7.014216
917,2013-08-23,12.03,12.03,12.03,12.03,0,7.037616
918,2013-08-26,12.02,12.02,12.02,12.02,0,7.031767
919,2013-08-27,11.78,11.78,11.78,11.78,0,6.891365
920,2013-08-28,11.87,11.87,11.87,11.87,0,6.944015
921,2013-08-29,11.97,11.97,11.97,11.97,0,7.002516
922,2013-08-30,11.89,11.89,11.89,11.89,0,6.955716
923,2013-09-03,11.99,11.99,11.99,11.99,0,7.014216
924,2013-09-04,12.1,12.1,12.1,12.1,0,7.078567
925,2013-09-05,12.12,12.12,12.12,12.12,0,7.090267
926,2013-09-06,12.13,12.13,12.13,12.13,0,7.096117
927,2013-09-09,12.3,12.3,12.3,12.3,0,7.195568
928,2013-09-10,12.43,12.43,12.43,12.43,0,7.271619
929,2013-09-11,12.36,12.36,12.36,12.36,0,7.230668
930,2013-09-12,12.35,12.35,12.35,12.35,0,7.224818
931,2013-09-13,12.32,12.32,12.32,12.32,0,7.207268
932,2013-09-16,12.32,12.32,12.32,12.32,0,7.207268
933,2013-09-17,12.37,12.37,12.37,12.37,0,7.236518
934,2013-09-18,12.55,12.55,12.55,12.55,0,7.341819
935,2013-09-19,12.55,12.55,12.55,12.55,0,7.341819
936,2013-09-20,12.51,12.51,12.51,12.51,0,7.318419
937,2013-09-23,12.55,12.55,12.55,12.55,0,7.341819
938,2013-09-24,12.56,12.56,12.56,12.56,0,7.34767
939,2013-09-25,12.52,12.52,12.52,12.52,0,7.324269
940,2013-09-26,12.58,12.58,12.58,12.58,0,7.359369
941,2013-09-27,12.56,12.56,12.56,12.56,0,7.34767
942,2013-09-30,12.5,12.5,12.5,12.5,0,7.312569
943,2013-10-01,12.64,12.64,12.64,12.64,0,7.39447
944,2013-10-02,12.71,12.71,12.71,12.71,0,7.43542
945,2013-10-03,12.62,12.62,12.62,12.62,0,7.38277
946,2013-10-04,12.69,12.69,12.69,12.69,0,7.42372
947,2013-10-07,12.63,12.63,12.63,12.63,0,7.38862
948,2013-10-08,12.4,12.4,12.4,12.4,0,7.254068
949,2013-10-09,12.35,12.35,12.35,12.35,0,7.224818
950,2013-10-10,12.57,12.57,12.57,12.57,0,7.353519
951,2013-10-11,12.67,12.67,12.67,12.67,0,7.41202
952,2013-10-14,12.7,12.7,12.7,12.7,0,7.42957
953,2013-10-15,12.63,12.63,12.63,12.63,0,7.38862
954,2013-10-16,12.74,12.74,12.74,12.74,0,7.45297
955,2013-10-17,12.79,12.79,12.79,12.79,0,7.482221
956,2013-10-18,12.95,12.95,12.95,12.95,0,7.575821
957,2013-10-21,13.02,13.02,13.02,13.02,0,7.616772
958,2013-10-22,12.98,12.98,12.98,12.98,0,7.593371
959,2013-10-23,12.84,12.84,12.84,12.84,0,7.511471
960,2013-10-24,12.99,12.99,12.99,12.99,0,7.599222
961,2013-10-25,12.95,12.95,12.95,12.95,0,7.575821
962,2013-10-28,12.94,12.94,12.94,12.94,0,7.569971
963,2013-10-29,12.98,12.98,12.98,12.98,0,7.593371
964,2013-10-30,12.94,12.94,12.94,12.94,0,7.569971
965,2013-10-31,12.95,12.95,12.95,12.95,0,7.575821
966,2013-11-01,13.04,13.04,13.04,13.04,0,7.628472
967,2013-11-04,13.06,13.06,13.06,13.06,0,7.640172
968,2013-11-05,13.01,13.01,13.01,13.01,0,7.610922
969,2013-11-06,13.04,13.04,13.04,13.04,0,7.628472
970,2013-11-07,12.89,12.89,12.89,12.89,0,7.540721
971,2013-11-08,13,13,13,13,0,7.605072
972,2013-11-11,12.99,12.99,12.99,12.99,0,7.599222
973,2013-11-12,13.04,13.04,13.04,13.04,0,7.628472
974,2013-11-13,13.15,13.15,13.15,13.15,0,7.692822
975,2013-11-14,13.13,13.13,13.13,13.13,0,7.681123
976,2013-11-15,13.22,13.22,13.22,13.22,0,7.733773
977,2013-11-18,13.09,13.09,13.09,13.09,0,7.657722
978,2013-11-19,13,13,13,13,0,7.605072
979,2013-11-20,12.91,12.91,12.91,12.91,0,7.552421
980,2013-11-21,13.03,13.03,13.03,13.03,0,7.622622
981,2013-11-22,13.07,13.07,13.07,13.07,0,7.646022
982,2013-11-25,13.06,13.06,13.06,13.06,0,7.640172
983,2013-11-26,13.19,13.19,13.19,13.19,0,7.716223
984,2013-11-27,13.29,13.29,13.29,13.29,0,7.774723
985,2013-11-29,13.34,13.34,13.34,13.34,0,7.803974
986,2013-12-02,13.31,13.31,13.31,13.31,0,7.786424
987,2013-12-03,13.38,13.38,13.38,13.38,0,7.827374
988,2013-12-04,13.4,13.4,13.4,13.4,0,7.839074
989,2013-12-05,13.45,13.45,13.45,13.45,0,7.868324
990,2013-12-06,13.49,13.49,13.49,13.49,0,7.891724
991,2013-12-09,13.56,13.56,13.56,13.56,0,7.932675
992,2013-12-10,13.58,13.58,13.58,13.58,0,7.944375
993,2013-12-11,13.44,13.44,13.44,13.44,0,7.862474
994,2013-12-12,13.4,13.4,13.4,13.4,0,7.839074
995,2013-12-13,13.4,13.4,13.4,13.4,0,7.839074
996,2013-12-16,13.48,13.48,13.48,13.48,0,7.885874
997,2013-12-17,12.2,12.2,12.2,12.2,0,7.944481
998,2013-12-18,12.26,12.26,12.26,12.26,0,7.983553
999,2013-12-19,12.22,12.22,12.22,12.22,0,7.957505
1000,2013-12-20,12.37,12.37,12.37,12.37,0,8.055183
1001,2013-12-23,12.56,12.56,12.56,12.56,0,8.178909
1002,2013-12-24,12.6,12.6,12.6,12.6,0,8.204956
1003,2013-12-26,12.62,12.62,12.62,12.62,0,8.21798
1004,2013-12-27,12.64,12.64,12.64,12.64,0,8.231004
1005,2013-12-30,12.66,12.66,12.66,12.66,0,8.244027
1006,2013-12-31,12.73,12.73,12.73,12.73,0,8.28961
1007,2014-01-02,12.6,12.6,12.6,12.6,0,8.204956
1008,2014-01-03,12.58,12.58,12.58,12.58,0,8.191932
1009,2014-01-06,12.54,12.54,12.54,12.54,0,8.165885
1010,2014-01-07,12.62,12.62,12.62,12.62,0,8.21798
1011,2014-01-08,12.7,12.7,12.7,12.7,0,8.270075
1012,2014-01-09,12.59,12.59,12.59,12.59,0,8.198444
1013,2014-01-10,12.62,12.62,12.62,12.62,0,8.21798
1014,2014-01-13,12.54,12.54,12.54,12.54,0,8.165885
1015,2014-01-14,12.81,12.81,12.81,12.81,0,8.341706
1016,2014-01-15,12.94,12.94,12.94,12.94,0,8.42636
1017,2014-01-16,12.94,12.94,12.94,12.94,0,8.42636
1018,2014-01-17,12.89,12.89,12.89,12.89,0,8.393801
1019,2014-01-21,12.96,12.96,12.96,12.96,0,8.439384
1020,2014-01-22,13.02,13.02,13.02,13.02,0,8.478455
1021,2014-01-23,13,13,13,13,0,8.465431
1022,2014-01-24,12.76,12.76,12.76,12.76,0,8.309146
1023,2014-01-27,12.66,12.66,12.66,12.66,0,8.244027
1024,2014-01-28,12.68,12.68,12.68,12.68,0,8.257051
1025,2014-01-29,12.53,12.53,12.53,12.53,0,8.159373
1026,2014-01-30,12.69,12.69,12.69,12.69,0,8.263563
1027,2014-01-31,12.64,12.64,12.64,12.64,0,8.231004
1028,2014-02-03,12.34,12.34,12.34,12.34,0,8.035648
1029,2014-02-04,12.5,12.5,12.5,12.5,0,8.139838
1030,2014-02-05,12.43,12.43,12.43,12.43,0,8.094255
1031,2014-02-06,12.65,12.65,12.65,12.65,0,8.237515
1032,2014-02-07,12.91,12.91,12.91,12.91,0,8.406824
1033,2014-02-10,12.98,12.98,12.98,12.98,0,8.452407
1034,2014-02-11,13.1,13.1,13.1,13.1,0,8.53055
1035,2014-02-12,13.14,13.14,13.14,13.14,0,8.556597
1036,2014-02-13,13.22,13.22,13.22,13.22,0,8.608692
1037,2014-02-14,13.27,13.27,13.27,13.27,0,8.641252
1038,2014-02-18,13.36,13.36,13.36,13.36,0,8.699858
1039,2014-02-19,13.28,13.28,13.28,13.28,0,8.647763
1040,2014-02-20,13.33,13.33,13.33,13.33,0,8.680323
1041,2014-02-21,13.29,13.29,13.29,13.29,0,8.654275
1042,2014-02-24,13.37,13.37,13.37,13.37,0,8.70637
1043,2014-02-25,13.36,13.36,13.36,13.36,0,8.699858
1044,2014-02-26,13.42,13.42,13.42,13.42,0,8.73893
1045,2014-02-27,13.49,13.49,13.49,13.49,0,8.784513
1046,2014-02-28,13.4,13.4,13.4,13.4,0,8.725906
1047,2014-03-03,13.3,13.3,13.3,13.3,0,8.660787
1048,2014-03-04,13.55,13.55,13.55,13.55,0,8.823584
1049,2014-03-05,13.63,13.63,13.63,13.63,0,8.875679
1050,2014-03-06,13.78,13.78,13.78,13.78,0,8.973357
1051,2014-03-07,13.74,13.74,13.74,13.74,0,8.947309
1052,2014-03-10,13.66,13.66,13.66,13.66,0,8.895214
1053,2014-03-11,13.62,13.62,13.62,13.62,0,8.869167
1054,2014-03-12,13.65,13.65,13.65,13.65,0,8.888702
1055,2014-03-13,13.45,13.45,13.45,13.45,0,8.758465
1056,2014-03-14,13.57,13.57,13.57,13.57,0,8.836607
1057,2014-03-17,13.73,13.73,13.73,13.73,0,8.940797
1058,2014-03-18,13.86,13.86,13.86,13.86,0,9.025452
1059,2014-03-19,13.78,13.78,13.78,13.78,0,8.973357
1060,2014-03-20,13.8,13.8,13.8,13.8,0,8.986381
1061,2014-03-21,13.7,13.7,13.7,13.7,0,8.921262
1062,2014-03-24,13.62,13.62,13.62,13.62,0,8.869167
1063,2014-03-25,13.61,13.61,13.61,13.61,0,8.862655
1064,2014-03-26,13.47,13.47,13.47,13.47,0,8.771489
1065,2014-03-27,13.39,13.39,13.39,13.39,0,8.719394
1066,2014-03-28,13.43,13.43,13.43,13.43,0,8.745442
1067,2014-03-31,13.54,13.54,13.54,13.54,0,8.817072
1068,2014-04-01,13.73,13.73,13.73,13.73,0,8.940797
1069,2014-04-02,13.74,13.74,13.74,13.74,0,8.947309
1070,2014-04-03,13.63,13.63,13.63,13.63,0,8.875679
1071,2014-04-04,13.32,13.32,13.32,13.32,0,8.673811
1072,2014-04-07,13.07,13.07,13.07,13.07,0,8.511014
1073,2014-04-08,13.17,13.17,13.17,13.17,0,8.576133
1074,2014-04-09,13.44,13.44,13.44,13.44,0,8.751953
1075,2014-04-10,13,13,13,13,0,8.465431
1076,2014-04-11,12.79,12.79,12.79,12.79,0,8.328682
1077,2014-04-14,12.83,12.83,12.83,12.83,0,8.354729
1078,2014-04-15,12.89,12.89,12.89,12.89,0,8.393801
1079,2014-04-16,13.02,13.02,13.02,13.02,0,8.478455
1080,2014-04-17,13.1,13.1,13.1,13.1,0,8.53055
1081,2014-04-21,13.2,13.2,13.2,13.2,0,8.595668
1082,2014-04-22,13.32,13.32,13.32,13.32,0,8.673811
1083,2014-04-23,13.18,13.18,13.18,13.18,0,8.582645
1084,2014-04-24,13.3,13.3,13.3,13.3,0,8.660787
1085,2014-04-25,12.95,12.95,12.95,12.95,0,8.432872
1086,2014-04-28,12.87,12.87,12.87,12.87,0,8.380777
1087,2014-04-29,13.03,13.03,13.03,13.03,0,8.484966
1088,2014-04-30,13.06,13.06,13.06,13.06,0,8.504503
1089,2014-05-01,13.25,13.25,13.25,13.25,0,8.628228
1090,2014-05-02,13.19,13.19,13.19,13.19,0,8.589156
1091,2014-05-05,13.25,13.25,13.25,13.25,0,8.628228
1092,2014-05-06,13.01,13.01,13.01,13.01,0,8.471943
1093,2014-05-07,12.88,12.88,12.88,12.88,0,8.387289
1094,2014-05-08,12.82,12.82,12.82,12.82,0,8.348217
1095,2014-05-09,12.9,12.9,12.9,12.9,0,8.400312
1096,2014-05-12,13.22,13.22,13.22,13.22,0,8.608692
1097,2014-05-13,13.17,13.17,13.17,13.17,0,8.576133
1098,2014-05-14,13.03,13.03,13.03,13.03,0,8.484966
1099,2014-05-15,13.01,13.01,13.01,13.01,0,8.471943
1100,2014-05-16,13.19,13.19,13.19,13.19,0,8.589156
1101,2014-05-19,13.33,13.33,13.33,13.33,0,8.680323
1102,2014-05-20,13.31,13.31,13.31,13.31,0,8.667299
1103,2014-05-21,13.47,13.47,13.47,13.47,0,8.771489
1104,2014-05-22,13.67,13.67,13.67,13.67,0,8.901726
1105,2014-05-23,13.81,13.81,13.81,13.81,0,8.992893
1106,2014-05-27,14,14,14,14,0,9.116618
1107,2014-05-28,13.96,13.96,13.96,13.96,0,9.090571
1108,2014-05-29,14.06,14.06,14.06,14.06,0,9.15569
1109,2014-05-30,13.92,13.92,13.92,13.92,0,9.064523
1110,2014-06-02,13.83,13.83,13.83,13.83,0,9.005916
1111,2014-06-03,13.79,13.79,13.79,13.79,0,8.979869
1112,2014-06-04,13.82,13.82,13.82,13.82,0,8.999404
1113,2014-06-05,14.02,14.02,14.02,14.02,0,9.129642
1114,2014-06-06,14.13,14.13,14.13,14.13,0,9.201272
1115,2014-06-09,14.17,14.17,14.17,14.17,0,9.22732
1116,2014-06-10,14.24,14.24,14.24,14.24,0,9.272903
1117,2014-06-11,14.32,14.32,14.32,14.32,0,9.324998
1118,2014-06-12,14.22,14.22,14.22,14.22,0,9.259879
1119,2014-06-13,14.35,14.35,14.35,14.35,0,9.344534
1120,2014-06-16,14.47,14.47,14.47,14.47,0,9.422676
1121,2014-06-17,14.54,14.54,14.54,14.54,0,9.468259
1122,2014-06-18,14.66,14.66,14.66,14.66,0,9.546401
1123,2014-06-19,14.6,14.6,14.6,14.6,0,9.50733
1124,2014-06-20,14.58,14.58,14.58,14.58,0,9.494306
1125,2014-06-23,14.64,14.64,14.64,14.64,0,9.533378
1126,2014-06-24,14.55,14.55,14.55,14.55,0,9.474771
1127,2014-06-25,14.69,14.69,14.69,14.69,0,9.565937
1128,2014-06-26,14.65,14.65,14.65,14.65,0,9.539889
1129,2014-06-27,14.72,14.72,14.72,14.72,0,9.585473
1130,2014-06-30,14.82,14.82,14.82,14.82,0,9.650591
1131,2014-07-01,15.05,15.05,15.05,15.05,0,9.800365
1132,2014-07-02,15,15,15,15,0,9.767805
1133,2014-07-03,15.08,15.08,15.08,15.08,0,9.8199
1134,2014-07-07,14.87,14.87,14.87,14.87,0,9.683151
1135,2014-07-08,14.49,14.49,14.49,14.49,0,9.4357
1136,2014-07-09,14.58,14.58,14.58,14.58,0,9.494306
1137,2014-07-10,14.49,14.49,14.49,14.49,0,9.4357
1138,2014-07-11,14.6,14.6,14.6,14.6,0,9.50733
1139,2014-07-14,14.78,14.78,14.78,14.78,0,9.624544
1140,2014-07-15,14.69,14.69,14.69,14.69,0,9.565937
1141,2014-07-16,14.74,14.74,14.74,14.74,0,9.598496
1142,2014-07-17,14.57,14.57,14.57,14.57,0,9.487794
1143,2014-07-18,14.78,14.78,14.78,14.78,0,9.624544
1144,2014-07-21,14.78,14.78,14.78,14.78,0,9.624544
1145,2014-07-22,14.88,14.88,14.88,14.88,0,9.689663
1146,2014-07-23,14.88,14.88,14.88,14.88,0,9.689663
1147,2014-07-24,14.99,14.99,14.99,14.99,0,9.761293
1148,2014-07-25,14.75,14.75,14.75,14.75,0,9.605008
1149,2014-07-28,14.67,14.67,14.67,14.67,0,9.552913
1150,2014-07-29,14.7,14.7,14.7,14.7,0,9.572449
1151,2014-07-30,14.97,14.97,14.97,14.97,0,9.74827
1152,2014-07-31,14.64,14.64,14.64,14.64,0,9.533378
1153,2014-08-01,14.63,14.63,14.63,14.63,0,9.526866
1154,2014-08-04,14.8,14.8,14.8,14.8,0,9.637568
1155,2014-08-05,14.71,14.71,14.71,14.71,0,9.578961
1156,2014-08-06,14.74,14.74,14.74,14.74,0,9.598496
1157,2014-08-07,14.69,14.69,14.69,14.69,0,9.565937
1158,2014-08-08,14.82,14.82,14.82,14.82,0,9.650591
1159,2014-08-11,14.98,14.98,14.98,14.98,0,9.754781
1160,2014-08-12,14.9,14.9,14.9,14.9,0,9.702686
1161,2014-08-13,15.11,15.11,15.11,15.11,0,9.839435
1162,2014-08-14,15.2,15.2,15.2,15.2,0,9.898042
1163,2014-08-15,15.24,15.24,15.24,15.24,0,9.92409
1164,2014-08-18,15.37,15.37,15.37,15.37,0,10.008744
1165,2014-08-19,15.42,15.42,15.42,15.42,0,10.041304
1166,2014-08-20,15.4,15.4,15.4,15.4,0,10.02828
1167,2014-08-21,15.41,15.41,15.41,15.41,0,10.034792
1168,2014-08-22,15.47,15.47,15.47,15.47,0,10.073863
1169,2014-08-25,15.44,15.44,15.44,15.44,0,10.054327
1170,2014-08-26,15.53,15.53,15.53,15.53,0,10.112934
1171,2014-08-27,15.54,15.54,15.54,15.54,0,10.119446
1172,2014-08-28,15.45,15.45,15.45,15.45,0,10.060839
1173,2014-08-29,15.52,15.52,15.52,15.52,0,10.106423
1174,2014-09-02,15.63,15.63,15.63,15.63,0,10.178053
1175,2014-09-03,15.61,15.61,15.61,15.61,0,10.165029
1176,2014-09-04,15.56,15.56,15.56,15.56,0,10.13247
1177,2014-09-05,15.57,15.57,15.57,15.57,0,10.138981
1178,2014-09-08,15.6,15.6,15.6,15.6,0,10.158517
1179,2014-09-09,15.44,15.44,15.44,15.44,0,10.054327
1180,2014-09-10,15.49,15.49,15.49,15.49,0,10.086887
1181,2014-09-11,15.6,15.6,15.6,15.6,0,10.158517
1182,2014-09-12,15.52,15.52,15.52,15.52,0,10.106423
1183,2014-09-15,15.33,15.33,15.33,15.33,0,9.982697
1184,2014-09-16,15.49,15.49,15.49,15.49,0,10.086887
1185,2014-09-17,15.46,15.46,15.46,15.46,0,10.067351
1186,2014-09-18,15.57,15.57,15.57,15.57,0,10.138981
1187,2014-09-19,15.75,15.75,15.75,15.75,0,10.256195
1188,2014-09-22,15.47,15.47,15.47,15.47,0,10.073863
1189,2014-09-23,15.32,15.32,15.32,15.32,0,9.976185
1190,2014-09-24,15.52,15.52,15.52,15.52,0,10.106423
1191,2014-09-25,15.24,15.24,15.24,15.24,0,9.92409
1192,2014-09-26,15.4,15.4,15.4,15.4,0,10.02828
1193,2014-09-29,15.3,15.3,15.3,15.3,0,9.963161
1194,2014-09-30,15.25,15.25,15.25,15.25,0,9.930602
1195,2014-10-01,14.97,14.97,14.97,14.97,0,9.74827
1196,2014-10-02,15.01,15.01,15.01,15.01,0,9.774317
1197,2014-10-03,15.24,15.24,15.24,15.24,0,9.92409
1198,2014-10-06,15.21,15.21,15.21,15.21,0,9.904554
1199,2014-10-07,14.96,14.96,14.96,14.96,0,9.741758
1200,2014-10-08,15.19,15.19,15.19,15.19,0,9.89153
1201,2014-10-09,14.88,14.88,14.88,14.88,0,9.689663
1202,2014-10-10,14.45,14.45,14.45,14.45,0,9.409652
1203,2014-10-13,14.22,14.22,14.22,14.22,0,9.259879
1204,2014-10-14,14.31,14.31,14.31,14.31,0,9.318486
1205,2014-10-15,14.38,14.38,14.38,14.38,0,9.364069
1206,2014-10-16,14.46,14.46,14.46,14.46,0,9.416164
1207,2014-10-17,14.56,14.56,14.56,14.56,0,9.481283
1208,2014-10-20,14.74,14.74,14.74,14.74,0,9.598496
1209,2014-10-21,15.07,15.07,15.07,15.07,0,9.813388
1210,2014-10-22,14.89,14.89,14.89,14.89,0,9.696175
1211,2014-10-23,15.15,15.15,15.15,15.15,0,9.865483
1212,2014-10-24,15.17,15.17,15.17,15.17,0,9.878507
1213,2014-10-27,15.11,15.11,15.11,15.11,0,9.839435
1214,2014-10-28,15.46,15.46,15.46,15.46,0,10.067351
1215,2014-10-29,15.35,15.35,15.35,15.35,0,9.995721
1216,2014-10-30,15.55,15.55,15.55,15.55,0,10.125958
1217,2014-10-31,15.92,15.92,15.92,15.92,0,10.366897
1218,2014-11-03,15.93,15.93,15.93,15.93,0,10.373409
1219,2014-11-04,15.72,15.72,15.72,15.72,0,10.23666
1220,2014-11-05,15.59,15.59,15.59,15.59,0,10.152005
1221,2014-11-06,15.54,15.54,15.54,15.54,0,10.119446
1222,2014-11-07,15.57,15.57,15.57,15.57,0,10.138981
1223,2014-11-10,15.69,15.69,15.69,15.69,0,10.217124
1224,2014-11-11,15.82,15.82,15.82,15.82,0,10.301778
1225,2014-11-12,15.82,15.82,15.82,15.82,0,10.301778
1226,2014-11-13,15.85,15.85,15.85,15.85,0,10.321314
1227,2014-11-14,16.08,16.08,16.08,16.08,0,10.471087
1228,2014-11-17,15.94,15.94,15.94,15.94,0,10.379921
1229,2014-11-18,16.01,16.01,16.01,16.01,0,10.425504
1230,2014-11-19,15.92,15.92,15.92,15.92,0,10.366897
1231,2014-11-20,15.94,15.94,15.94,15.94,0,10.379921
1232,2014-11-21,15.99,15.99,15.99,15.99,0,10.41248
1233,2014-11-24,16.110001,16.110001,16.110001,16.110001,0,10.490623
1234,2014-11-25,16.18,16.18,16.18,16.18,0,10.536206
1235,2014-11-26,16.25,16.25,16.25,16.25,0,10.581789
1236,2014-11-28,16.309999,16.309999,16.309999,16.309999,0,10.62086
1237,2014-12-01,15.99,15.99,15.99,15.99,0,10.41248
1238,2014-12-02,16.040001,16.040001,16.040001,16.040001,0,10.44504
1239,2014-12-03,15.99,15.99,15.99,15.99,0,10.41248
1240,2014-12-04,16,16,16,16,0,10.418992
1241,2014-12-05,15.95,15.95,15.95,15.95,0,10.386433
1242,2014-12-08,15.73,15.73,15.73,15.73,0,10.243171
1243,2014-12-09,15.78,15.78,15.78,15.78,0,10.275731
1244,2014-12-10,15.51,15.51,15.51,15.51,0,10.099911
1245,2014-12-11,15.56,15.56,15.56,15.56,0,10.13247
1246,2014-12-12,15.42,15.42,15.42,15.42,0,10.041304
1247,2014-12-15,15.29,15.29,15.29,15.29,0,9.956649
1248,2014-12-16,11.7,11.7,11.7,11.7,0,9.707733
1249,2014-12-17,11.94,11.94,11.94,11.94,0,9.906866
1250,2014-12-18,12.22,12.22,12.22,12.22,0,10.139188
1251,2014-12-19,12.33,12.33,12.33,12.33,0,10.230457
1252,2014-12-22,12.42,12.42,12.42,12.42,0,10.305132
1253,2014-12-23,12.42,12.42,12.42,12.42,0,10.305132
1254,2014-12-24,12.4,12.4,12.4,12.4,0,10.288538
1255,2014-12-26,12.5,12.5,12.5,12.5,0,10.37151
1256,2014-12-29,12.46,12.46,12.46,12.46,0,10.338321
1257,2014-12-30,12.38,12.38,12.38,12.38,0,10.271944
1258,2014-12-31,12.32,12.32,12.32,12.32,0,10.22216
1259,2015-01-02,12.28,12.28,12.28,12.28,0,10.188971
1260,2015-01-05,12.05,12.05,12.05,12.05,0,9.998136
1261,2015-01-06,11.92,11.92,11.92,11.92,0,9.890272
1262,2015-01-07,12.05,12.05,12.05,12.05,0,9.998136
1263,2015-01-08,12.27,12.27,12.27,12.27,0,10.180675
1264,2015-01-09,12.15,12.15,12.15,12.15,0,10.081107
1265,2015-01-12,12.01,12.01,12.01,12.01,0,9.964947
1266,2015-01-13,12.03,12.03,12.03,12.03,0,9.981541
1267,2015-01-14,11.9,11.9,11.9,11.9,0,9.873677
1268,2015-01-15,11.66,11.66,11.66,11.66,0,9.674544
1269,2015-01-16,11.77,11.77,11.77,11.77,0,9.765814
1270,2015-01-20,11.8,11.8,11.8,11.8,0,9.790706
1271,2015-01-21,12.02,12.02,12.02,12.02,0,9.973244
1272,2015-01-22,12.29,12.29,12.29,12.29,0,10.197269
1273,2015-01-23,12.4,12.4,12.4,12.4,0,10.288538
1274,2015-01-26,12.46,12.46,12.46,12.46,0,10.338321
1275,2015-01-27,12.27,12.27,12.27,12.27,0,10.180675
1276,2015-01-28,12.1,12.1,12.1,12.1,0,10.039622
1277,2015-01-29,12.2,12.2,12.2,12.2,0,10.122594
1278,2015-01-30,12.33,12.33,12.33,12.33,0,10.230457
1279,2015-02-02,12.47,12.47,12.47,12.47,0,10.346619
1280,2015-02-03,12.54,12.54,12.54,12.54,0,10.404699
1281,2015-02-04,12.48,12.48,12.48,12.48,0,10.354915
1282,2015-02-05,12.65,12.65,12.65,12.65,0,10.495968
1283,2015-02-06,12.65,12.65,12.65,12.65,0,10.495968
1284,2015-02-09,12.58,12.58,12.58,12.58,0,10.437888
1285,2015-02-10,12.72,12.72,12.72,12.72,0,10.554049
1286,2015-02-11,12.72,12.72,12.72,12.72,0,10.554049
1287,2015-02-12,12.86,12.86,12.86,12.86,0,10.670209
1288,2015-02-13,13.01,13.01,13.01,13.01,0,10.794668
1289,2015-02-17,12.94,12.94,12.94,12.94,0,10.736587
1290,2015-02-18,13.01,13.01,13.01,13.01,0,10.794668
1291,2015-02-19,13.16,13.16,13.16,13.16,0,10.919126
1292,2015-02-20,13.26,13.26,13.26,13.26,0,11.002098
1293,2015-02-23,13.13,13.13,13.13,13.13,0,10.894234
1294,2015-02-24,13.13,13.13,13.13,13.13,0,10.894234
1295,2015-02-25,13.23,13.23,13.23,13.23,0,10.977206
1296,2015-02-26,13.35,13.35,13.35,13.35,0,11.076773
1297,2015-02-27,13.22,13.22,13.22,13.22,0,10.968909
1298,2015-03-02,13.34,13.34,13.34,13.34,0,11.068476
1299,2015-03-03,13.22,13.22,13.22,13.22,0,10.968909
1300,2015-03-04,13.15,13.15,13.15,13.15,0,10.910828
1301,2015-03-05,13.22,13.22,13.22,13.22,0,10.968909
1302,2015-03-06,13.03,13.03,13.03,13.03,0,10.811262
1303,2015-03-09,13.02,13.02,13.02,13.02,0,10.802965
1304,2015-03-10,12.8,12.8,12.8,12.8,0,10.620426
1305,2015-03-11,12.78,12.78,12.78,12.78,0,10.603832
1306,2015-03-12,12.89,12.89,12.89,12.89,0,10.695101
1307,2015-03-13,12.78,12.78,12.78,12.78,0,10.603832
1308,2015-03-16,12.92,12.92,12.92,12.92,0,10.719993
1309,2015-03-17,12.88,12.88,12.88,12.88,0,10.686804
1310,2015-03-18,13.05,13.05,13.05,13.05,0,10.827857
1311,2015-03-19,13.1,13.1,13.1,13.1,0,10.869343
1312,2015-03-20,13.15,13.15,13.15,13.15,0,10.910828
1313,2015-03-23,13.14,13.14,13.14,13.14,0,10.902532
1314,2015-03-24,13.14,13.14,13.14,13.14,0,10.902532
1315,2015-03-25,12.84,12.84,12.84,12.84,0,10.653615
1316,2015-03-26,12.77,12.77,12.77,12.77,0,10.595535
1317,2015-03-27,12.81,12.81,12.81,12.81,0,10.628724
1318,2015-03-30,12.92,12.92,12.92,12.92,0,10.719993
1319,2015-03-31,12.83,12.83,12.83,12.83,0,10.645318
1320,2015-04-01,12.73,12.73,12.73,12.73,0,10.562345
1321,2015-04-02,12.81,12.81,12.81,12.81,0,10.628724
1322,2015-04-06,12.95,12.95,12.95,12.95,0,10.744884
1323,2015-04-07,12.93,12.93,12.93,12.93,0,10.72829
1324,2015-04-08,13.16,13.16,13.16,13.16,0,10.919126
1325,2015-04-09,13.22,13.22,13.22,13.22,0,10.968909
1326,2015-04-10,13.25,13.25,13.25,13.25,0,10.993801
1327,2015-04-13,13.22,13.22,13.22,13.22,0,10.968909
1328,2015-04-14,13.18,13.18,13.18,13.18,0,10.93572
1329,2015-04-15,13.25,13.25,13.25,13.25,0,10.993801
1330,2015-04-16,13.4,13.4,13.4,13.4,0,11.118258
1331,2015-04-17,13.16,13.16,13.16,13.16,0,10.919126
1332,2015-04-20,13.29,13.29,13.29,13.29,0,11.026989
1333,2015-04-21,13.41,13.41,13.41,13.41,0,11.126556
1334,2015-04-22,13.57,13.57,13.57,13.57,0,11.259311
1335,2015-04-23,13.59,13.59,13.59,13.59,0,11.275906
1336,2015-04-24,13.73,13.73,13.73,13.73,0,11.392066
1337,2015-04-27,13.76,13.76,13.76,13.76,0,11.416958
1338,2015-04-28,13.7,13.7,13.7,13.7,0,11.367175
1339,2015-04-29,13.71,13.71,13.71,13.71,0,11.375472
1340,2015-04-30,13.48,13.48,13.48,13.48,0,11.184636
1341,2015-05-01,13.43,13.43,13.43,13.43,0,11.143151
1342,2015-05-04,13.44,13.44,13.44,13.44,0,11.151447
1343,2015-05-05,13.26,13.26,13.26,13.26,0,11.002098
1344,2015-05-06,13.22,13.22,13.22,13.22,0,10.968909
1345,2015-05-07,13.38,13.38,13.38,13.38,0,11.101664
1346,2015-05-08,13.44,13.44,13.44,13.44,0,11.151447
1347,2015-05-11,13.47,13.47,13.47,13.47,0,11.176339
1348,2015-05-12,13.43,13.43,13.43,13.43,0,11.143151
1349,2015-05-13,13.43,13.43,13.43,13.43,0,11.143151
1350,2015-05-14,13.61,13.61,13.61,13.61,0,11.2925
1351,2015-05-15,13.63,13.63,13.63,13.63,0,11.309095
1352,2015-05-18,13.67,13.67,13.67,13.67,0,11.342283
1353,2015-05-19,13.66,13.66,13.66,13.66,0,11.333986
1354,2015-05-20,13.65,13.65,13.65,13.65,0,11.325689
1355,2015-05-21,13.79,13.79,13.79,13.79,0,11.44185
1356,2015-05-22,13.9,13.9,13.9,13.9,0,11.533119
1357,2015-05-26,13.76,13.76,13.76,13.76,0,11.416958
1358,2015-05-27,13.87,13.87,13.87,13.87,0,11.508227
1359,2015-05-28,13.79,13.79,13.79,13.79,0,11.44185
1360,2015-05-29,13.68,13.68,13.68,13.68,0,11.350581
1361,2015-06-01,13.75,13.75,13.75,13.75,0,11.408661
1362,2015-06-02,13.76,13.76,13.76,13.76,0,11.416958
1363,2015-06-03,13.79,13.79,13.79,13.79,0,11.44185
1364,2015-06-04,13.65,13.65,13.65,13.65,0,11.325689
1365,2015-06-05,13.73,13.73,13.73,13.73,0,11.392066
1366,2015-06-08,13.56,13.56,13.56,13.56,0,11.251014
1367,2015-06-09,13.56,13.56,13.56,13.56,0,11.251014
1368,2015-06-10,13.68,13.68,13.68,13.68,0,11.350581
1369,2015-06-11,13.71,13.71,13.71,13.71,0,11.375472
1370,2015-06-12,13.64,13.64,13.64,13.64,0,11.317392
1371,2015-06-15,13.58,13.58,13.58,13.58,0,11.267608
1372,2015-06-16,13.61,13.61,13.61,13.61,0,11.2925
1373,2015-06-17,13.64,13.64,13.64,13.64,0,11.317392
1374,2015-06-18,13.78,13.78,13.78,13.78,0,11.433552
1375,2015-06-19,13.71,13.71,13.71,13.71,0,11.375472
1376,2015-06-22,13.77,13.77,13.77,13.77,0,11.425256
1377,2015-06-23,13.83,13.83,13.83,13.83,0,11.475039
1378,2015-06-24,13.71,13.71,13.71,13.71,0,11.375472
1379,2015-06-25,13.69,13.69,13.69,13.69,0,11.358877
1380,2015-06-26,13.54,13.54,13.54,13.54,0,11.23442
1381,2015-06-29,13.2,13.2,13.2,13.2,0,10.952314
1382,2015-06-30,13.34,13.34,13.34,13.34,0,11.068476
1383,2015-07-01,13.37,13.37,13.37,13.37,0,11.093367
1384,2015-07-02,13.37,13.37,13.37,13.37,0,11.093367
1385,2015-07-06,13.19,13.19,13.19,13.19,0,10.944017
1386,2015-07-07,13.17,13.17,13.17,13.17,0,10.927423
1387,2015-07-08,12.92,12.92,12.92,12.92,0,10.719993
1388,2015-07-09,13.16,13.16,13.16,13.16,0,10.919126
1389,2015-07-10,13.28,13.28,13.28,13.28,0,11.018692
1390,2015-07-13,13.5,13.5,13.5,13.5,0,11.201231
1391,2015-07-14,13.61,13.61,13.61,13.61,0,11.2925
1392,2015-07-15,13.49,13.49,13.49,13.49,0,11.192933
1393,2015-07-16,13.68,13.68,13.68,13.68,0,11.350581
1394,2015-07-17,14.06,14.06,14.06,14.06,0,11.665875
1395,2015-07-20,14.08,14.08,14.08,14.08,0,11.682469
1396,2015-07-21,14.13,14.13,14.13,14.13,0,11.723955
1397,2015-07-22,14.08,14.08,14.08,14.08,0,11.682469
1398,2015-07-23,14.03,14.03,14.03,14.03,0,11.640983
1399,2015-07-24,13.92,13.92,13.92,13.92,0,11.549714
1400,2015-07-27,13.69,13.69,13.69,13.69,0,11.358877
1401,2015-07-28,13.71,13.71,13.71,13.71,0,11.375472
1402,2015-07-29,13.78,13.78,13.78,13.78,0,11.433552
1403,2015-07-30,13.83,13.83,13.83,13.83,0,11.475039
1404,2015-07-31,13.8,13.8,13.8,13.8,0,11.450147
1405,2015-08-03,13.72,13.72,13.72,13.72,0,11.38377
1406,2015-08-04,13.82,13.82,13.82,13.82,0,11.466741
1407,2015-08-05,13.92,13.92,13.92,13.92,0,11.549714
1408,2015-08-06,13.8,13.8,13.8,13.8,0,11.450147
1409,2015-08-07,13.74,13.74,13.74,13.74,0,11.400364
1410,2015-08-10,13.83,13.83,13.83,13.83,0,11.475039
1411,2015-08-11,13.66,13.66,13.66,13.66,0,11.333986
1412,2015-08-12,13.54,13.54,13.54,13.54,0,11.23442
1413,2015-08-13,13.63,13.63,13.63,13.63,0,11.309095
1414,2015-08-14,13.66,13.66,13.66,13.66,0,11.333986
1415,2015-08-17,13.79,13.79,13.79,13.79,0,11.44185
1416,2015-08-18,13.66,13.66,13.66,13.66,0,11.333986
1417,2015-08-19,13.58,13.58,13.58,13.58,0,11.267608
1418,2015-08-20,13.08,13.08,13.08,13.08,0,10.852748
1419,2015-08-21,12.7,12.7,12.7,12.7,0,10.537454
1420,2015-08-24,12.2,12.2,12.2,12.2,0,10.122594
1421,2015-08-25,12.3,12.3,12.3,12.3,0,10.205566
1422,2015-08-26,12.76,12.76,12.76,12.76,0,10.587238
1423,2015-08-27,13.22,13.22,13.22,13.22,0,10.968909
1424,2015-08-28,13.21,13.21,13.21,13.21,0,10.960612
1425,2015-08-31,13.05,13.05,13.05,13.05,0,10.827857
1426,2015-09-01,12.64,12.64,12.64,12.64,0,10.487671
1427,2015-09-02,12.91,12.91,12.91,12.91,0,10.711695
1428,2015-09-03,12.91,12.91,12.91,12.91,0,10.711695
1429,2015-09-04,12.69,12.69,12.69,12.69,0,10.529157
1430,2015-09-08,13.06,13.06,13.06,13.06,0,10.836154
1431,2015-09-09,13,13,13,13,0,10.78637
1432,2015-09-10,13.07,13.07,13.07,13.07,0,10.844451
1433,2015-09-11,13.15,13.15,13.15,13.15,0,10.910828
1434,2015-09-14,13.08,13.08,13.08,13.08,0,10.852748
1435,2015-09-15,13.27,13.27,13.27,13.27,0,11.010395
1436,2015-09-16,13.52,13.52,13.52,13.52,0,11.217826
1437,2015-09-17,13.55,13.55,13.55,13.55,0,11.242717
1438,2015-09-18,13.43,13.43,13.43,13.43,0,11.143151
1439,2015-09-21,13.44,13.44,13.44,13.44,0,11.151447
1440,2015-09-22,13.23,13.23,13.23,13.23,0,10.977206
1441,2015-09-23,13.13,13.13,13.13,13.13,0,10.894234
1442,2015-09-24,13.15,13.15,13.15,13.15,0,10.910828
1443,2015-09-25,13.1,13.1,13.1,13.1,0,10.869343
1444,2015-09-28,12.66,12.66,12.66,12.66,0,10.504265
1445,2015-09-29,12.62,12.62,12.62,12.62,0,10.471076
1446,2015-09-30,12.92,12.92,12.92,12.92,0,10.719993
1447,2015-10-01,12.99,12.99,12.99,12.99,0,10.778073
1448,2015-10-02,13.33,13.33,13.33,13.33,0,11.060178
1449,2015-10-05,13.56,13.56,13.56,13.56,0,11.251014
1450,2015-10-06,13.51,13.51,13.51,13.51,0,11.209528
1451,2015-10-07,13.61,13.61,13.61,13.61,0,11.2925
1452,2015-10-08,13.61,13.61,13.61,13.61,0,11.2925
1453,2015-10-09,13.65,13.65,13.65,13.65,0,11.325689
1454,2015-10-12,13.67,13.67,13.67,13.67,0,11.342283
1455,2015-10-13,13.58,13.58,13.58,13.58,0,11.267608
1456,2015-10-14,13.57,13.57,13.57,13.57,0,11.259311
1457,2015-10-15,13.86,13.86,13.86,13.86,0,11.49993
1458,2015-10-16,13.91,13.91,13.91,13.91,0,11.541416
1459,2015-10-19,13.97,13.97,13.97,13.97,0,11.5912
1460,2015-10-20,13.91,13.91,13.91,13.91,0,11.541416
1461,2015-10-21,13.75,13.75,13.75,13.75,0,11.408661
1462,2015-10-22,13.96,13.96,13.96,13.96,0,11.582902
1463,2015-10-23,14.31,14.31,14.31,14.31,0,11.873305
1464,2015-10-26,14.44,14.44,14.44,14.44,0,11.981168
1465,2015-10-27,14.35,14.35,14.35,14.35,0,11.906494
1466,2015-10-28,14.51,14.51,14.51,14.51,0,12.039249
1467,2015-10-29,14.33,14.33,14.33,14.33,0,11.889899
1468,2015-10-30,14.48,14.48,14.48,14.48,0,12.014357
1469,2015-11-02,14.71,14.71,14.71,14.71,0,12.205193
1470,2015-11-03,14.81,14.81,14.81,14.81,0,12.288165
1471,2015-11-04,14.94,14.94,14.94,14.94,0,12.396028
1472,2015-11-05,14.82,14.82,14.82,14.82,0,12.296462
1473,2015-11-06,14.97,14.97,14.97,14.97,0,12.420921
1474,2015-11-09,14.97,14.97,14.97,14.97,0,12.420921
1475,2015-11-10,14.65,14.65,14.65,14.65,0,12.155409
1476,2015-11-11,14.69,14.69,14.69,14.69,0,12.188598
1477,2015-11-12,14.58,14.58,14.58,14.58,0,12.097329
1478,2015-11-13,14.31,14.31,14.31,14.31,0,11.873305
1479,2015-11-16,14.51,14.51,14.51,14.51,0,12.039249
1480,2015-11-17,14.49,14.49,14.49,14.49,0,12.022654
1481,2015-11-18,14.7,14.7,14.7,14.7,0,12.196896
1482,2015-11-19,14.7,14.7,14.7,14.7,0,12.196896
1483,2015-11-20,14.84,14.84,14.84,14.84,0,12.313057
1484,2015-11-23,14.79,14.79,14.79,14.79,0,12.271571
1485,2015-11-24,14.75,14.75,14.75,14.75,0,12.238382
1486,2015-11-25,14.9,14.9,14.9,14.9,0,12.36284
1487,2015-11-27,14.95,14.95,14.95,14.95,0,12.404326
1488,2015-11-30,15.01,15.01,15.01,15.01,0,12.454109
1489,2015-12-01,15.24,15.24,15.24,15.24,0,12.644945
1490,2015-12-02,15.17,15.17,15.17,15.17,0,12.586865
1491,2015-12-03,15.06,15.06,15.06,15.06,0,12.495596
1492,2015-12-04,15.24,15.24,15.24,15.24,0,12.644945
1493,2015-12-07,15.11,15.11,15.11,15.11,0,12.537081
1494,2015-12-08,15.02,15.02,15.02,15.02,0,12.462407
1495,2015-12-09,14.84,14.84,14.84,14.84,0,12.313057
1496,2015-12-10,14.89,14.89,14.89,14.89,0,12.354543
1497,2015-12-11,14.5,14.5,14.5,14.5,0,12.030952
1498,2015-12-14,14.51,14.51,14.51,14.51,0,12.039249
1499,2015-12-15,14.67,14.67,14.67,14.67,0,12.172004
1500,2015-12-16,13.62,13.62,13.62,13.62,0,12.455499
1501,2015-12-17,13.45,13.45,13.45,13.45,0,12.300034
1502,2015-12-18,13.3,13.3,13.3,13.3,0,12.162859
1503,2015-12-21,13.41,13.41,13.41,13.41,0,12.263454
1504,2015-12-22,13.48,13.48,13.48,13.48,0,12.327468
1505,2015-12-23,13.57,13.57,13.57,13.57,0,12.409774
1506,2015-12-24,13.56,13.56,13.56,13.56,0,12.400629
1507,2015-12-28,13.54,13.54,13.54,13.54,0,12.382339
1508,2015-12-29,13.73,13.73,13.73,13.73,0,12.556094
1509,2015-12-30,13.62,13.62,13.62,13.62,0,12.455499
1510,2015-12-31,13.56,13.56,13.56,13.56,0,12.400629
1511,2016-01-04,13.24,13.24,13.24,13.24,0,12.107988
1512,2016-01-05,13.21,13.21,13.21,13.21,0,12.080554
1513,2016-01-06,13,13,13,13,0,11.888508
1514,2016-01-07,12.57,12.57,12.57,12.57,0,11.495273
1515,2016-01-08,12.37,12.37,12.37,12.37,0,11.312373
1516,2016-01-11,12.31,12.31,12.31,12.31,0,11.257503
1517,2016-01-12,12.42,12.42,12.42,12.42,0,11.358098
1518,2016-01-13,11.99,11.99,11.99,11.99,0,10.964863
1519,2016-01-14,12.23,12.23,12.23,12.23,0,11.184343
1520,2016-01-15,11.79,11.79,11.79,11.79,0,10.781963
1521,2016-01-19,11.86,11.86,11.86,11.86,0,10.845977
1522,2016-01-20,11.82,11.82,11.82,11.82,0,10.809397
1523,2016-01-21,11.91,11.91,11.91,11.91,0,10.891703
1524,2016-01-22,12.22,12.22,12.22,12.22,0,11.175198
1525,2016-01-25,12.06,12.06,12.06,12.06,0,11.028878
1526,2016-01-26,12.14,12.14,12.14,12.14,0,11.102038
1527,2016-01-27,11.87,11.87,11.87,11.87,0,10.855123
1528,2016-01-28,11.93,11.93,11.93,11.93,0,10.909993
1529,2016-01-29,12.19,12.19,12.19,12.19,0,11.147763
1530,2016-02-01,12.3,12.3,12.3,12.3,0,11.248358
1531,2016-02-02,11.94,11.94,11.94,11.94,0,10.919137
1532,2016-02-03,11.7,11.7,11.7,11.7,0,10.699657
1533,2016-02-04,11.89,11.89,11.89,11.89,0,10.873413
1534,2016-02-05,10.99,10.99,10.99,10.99,0,10.050362
1535,2016-02-08,10.56,10.56,10.56,10.56,0,9.657127
1536,2016-02-09,10.52,10.52,10.52,10.52,0,9.620547
1537,2016-02-10,10.52,10.52,10.52,10.52,0,9.620547
1538,2016-02-11,10.47,10.47,10.47,10.47,0,9.574822
1539,2016-02-12,10.57,10.57,10.57,10.57,0,9.666272
1540,2016-02-16,11.01,11.01,11.01,11.01,0,10.068652
1541,2016-02-17,11.49,11.49,11.49,11.49,0,10.507612
1542,2016-02-18,11.38,11.38,11.38,11.38,0,10.407018
1543,2016-02-19,11.49,11.49,11.49,11.49,0,10.507612
1544,2016-02-22,11.74,11.74,11.74,11.74,0,10.736237
1545,2016-02-23,11.58,11.58,11.58,11.58,0,10.589918
1546,2016-02-24,11.66,11.66,11.66,11.66,0,10.663077
1547,2016-02-25,11.85,11.85,11.85,11.85,0,10.836833
1548,2016-02-26,11.93,11.93,11.93,11.93,0,10.909993
1549,2016-02-29,11.88,11.88,11.88,11.88,0,10.864268
1550,2016-03-01,12.3,12.3,12.3,12.3,0,11.248358
1551,2016-03-02,12.33,12.33,12.33,12.33,0,11.275793
1552,2016-03-03,12.36,12.36,12.36,12.36,0,11.303228
1553,2016-03-04,12.47,12.47,12.47,12.47,0,11.403823
1554,2016-03-07,12.38,12.38,12.38,12.38,0,11.321518
1555,2016-03-08,12.23,12.23,12.23,12.23,0,11.184343
1556,2016-03-09,12.36,12.36,12.36,12.36,0,11.303228
1557,2016-03-10,12.29,12.29,12.29,12.29,0,11.239213
1558,2016-03-11,12.57,12.57,12.57,12.57,0,11.495273
1559,2016-03-14,12.64,12.64,12.64,12.64,0,11.559289
1560,2016-03-15,12.56,12.56,12.56,12.56,0,11.486129
1561,2016-03-16,12.66,12.66,12.66,12.66,0,11.577578
1562,2016-03-17,12.66,12.66,12.66,12.66,0,11.577578
1563,2016-03-18,12.79,12.79,12.79,12.79,0,11.696463
1564,2016-03-21,12.82,12.82,12.82,12.82,0,11.723898
1565,2016-03-22,12.81,12.81,12.81,12.81,0,11.714754
1566,2016-03-23,12.68,12.68,12.68,12.68,0,11.595869
1567,2016-03-24,12.72,12.72,12.72,12.72,0,11.632449
1568,2016-03-28,12.67,12.67,12.67,12.67,0,11.586723
1569,2016-03-29,12.91,12.91,12.91,12.91,0,11.806203
1570,2016-03-30,13.03,13.03,13.03,13.03,0,11.915943
1571,2016-03-31,12.99,12.99,12.99,12.99,0,11.879363
1572,2016-04-01,13.12,13.12,13.12,13.12,0,11.998248
1573,2016-04-04,13.11,13.11,13.11,13.11,0,11.989103
1574,2016-04-05,12.97,12.97,12.97,12.97,0,11.861074
1575,2016-04-06,13.15,13.15,13.15,13.15,0,12.025683
1576,2016-04-07,13.01,13.01,13.01,13.01,0,11.897654
1577,2016-04-08,13.06,13.06,13.06,13.06,0,11.943379
1578,2016-04-11,13,13,13,13,0,11.888508
1579,2016-04-12,13.04,13.04,13.04,13.04,0,11.925088
1580,2016-04-13,13.35,13.35,13.35,13.35,0,12.208584
1581,2016-04-14,13.36,13.36,13.36,13.36,0,12.217728
1582,2016-04-15,13.34,13.34,13.34,13.34,0,12.199439
1583,2016-04-18,13.43,13.43,13.43,13.43,0,12.281744
1584,2016-04-19,13.31,13.31,13.31,13.31,0,12.172004
1585,2016-04-20,13.34,13.34,13.34,13.34,0,12.199439
1586,2016-04-21,13.4,13.4,13.4,13.4,0,12.254308
1587,2016-04-22,13.36,13.36,13.36,13.36,0,12.217728
1588,2016-04-25,13.33,13.33,13.33,13.33,0,12.190294
1589,2016-04-26,13.36,13.36,13.36,13.36,0,12.217728
1590,2016-04-27,13.39,13.39,13.39,13.39,0,12.245164
1591,2016-04-28,13.24,13.24,13.24,13.24,0,12.107988
1592,2016-04-29,13.31,13.31,13.31,13.31,0,12.172004
1593,2016-05-02,13.48,13.48,13.48,13.48,0,12.327468
1594,2016-05-03,13.2,13.2,13.2,13.2,0,12.071408
1595,2016-05-04,13.03,13.03,13.03,13.03,0,11.915943
1596,2016-05-05,13.01,13.01,13.01,13.01,0,11.897654
1597,2016-05-06,13.02,13.02,13.02,13.02,0,11.906799
1598,2016-05-09,13,13,13,13,0,11.888508
1599,2016-05-10,13.22,13.22,13.22,13.22,0,12.089699
1600,2016-05-11,13.17,13.17,13.17,13.17,0,12.043974
1601,2016-05-12,13.02,13.02,13.02,13.02,0,11.906799
1602,2016-05-13,12.99,12.99,12.99,12.99,0,11.879363
1603,2016-05-16,13.18,13.18,13.18,13.18,0,12.053119
1604,2016-05-17,13.07,13.07,13.07,13.07,0,11.952523
1605,2016-05-18,13.19,13.19,13.19,13.19,0,12.062263
1606,2016-05-19,13.17,13.17,13.17,13.17,0,12.043974
1607,2016-05-20,13.39,13.39,13.39,13.39,0,12.245164
1608,2016-05-23,13.36,13.36,13.36,13.36,0,12.217728
1609,2016-05-24,13.6,13.6,13.6,13.6,0,12.437209
1610,2016-05-25,13.65,13.65,13.65,13.65,0,12.482934
1611,2016-05-26,13.66,13.66,13.66,13.66,0,12.492079
1612,2016-05-27,13.69,13.69,13.69,13.69,0,12.519514
1613,2016-05-31,13.77,13.77,13.77,13.77,0,12.592674
1614,2016-06-01,13.82,13.82,13.82,13.82,0,12.638399
1615,2016-06-02,13.89,13.89,13.89,13.89,0,12.702414
1616,2016-06-03,13.87,13.87,13.87,13.87,0,12.684124
1617,2016-06-06,13.93,13.93,13.93,13.93,0,12.738994
1618,2016-06-07,14,14,14,14,0,12.803009
1619,2016-06-08,14.02,14.02,14.02,14.02,0,12.8213
1620,2016-06-09,13.93,13.93,13.93,13.93,0,12.738994
1621,2016-06-10,13.64,13.64,13.64,13.64,0,12.473789
1622,2016-06-13,13.59,13.59,13.59,13.59,0,12.428064
1623,2016-06-14,13.57,13.57,13.57,13.57,0,12.409774
1624,2016-06-15,13.59,13.59,13.59,13.59,0,12.428064
1625,2016-06-16,13.58,13.58,13.58,13.58,0,12.418919
1626,2016-06-17,13.46,13.46,13.46,13.46,0,12.309179
1627,2016-06-20,13.62,13.62,13.62,13.62,0,12.455499
1628,2016-06-21,13.69,13.69,13.69,13.69,0,12.519514
1629,2016-06-22,13.56,13.56,13.56,13.56,0,12.400629
1630,2016-06-23,13.82,13.82,13.82,13.82,0,12.638399
1631,2016-06-24,13.04,13.04,13.04,13.04,0,11.925088
1632,2016-06-27,12.64,12.64,12.64,12.64,0,11.559289
1633,2016-06-28,12.93,12.93,12.93,12.93,0,11.824494
1634,2016-06-29,13.22,13.22,13.22,13.22,0,12.089699
1635,2016-06-30,13.31,13.31,13.31,13.31,0,12.172004
1636,2016-07-01,13.35,13.35,13.35,13.35,0,12.208584
1637,2016-07-05,13.16,13.16,13.16,13.16,0,12.034828
1638,2016-07-06,13.19,13.19,13.19,13.19,0,12.062263
1639,2016-07-07,13.27,13.27,13.27,13.27,0,12.135424
1640,2016-07-08,13.56,13.56,13.56,13.56,0,12.400629
1641,2016-07-11,13.73,13.73,13.73,13.73,0,12.556094
1642,2016-07-12,13.89,13.89,13.89,13.89,0,12.702414
1643,2016-07-13,13.85,13.85,13.85,13.85,0,12.665834
1644,2016-07-14,13.9,13.9,13.9,13.9,0,12.711559
1645,2016-07-15,13.83,13.83,13.83,13.83,0,12.647544
1646,2016-07-18,13.92,13.92,13.92,13.92,0,12.729849
1647,2016-07-19,13.87,13.87,13.87,13.87,0,12.684124
1648,2016-07-20,14.07,14.07,14.07,14.07,0,12.867024
1649,2016-07-21,13.97,13.97,13.97,13.97,0,12.775574
1650,2016-07-22,14.11,14.11,14.11,14.11,0,12.903604
1651,2016-07-25,14.09,14.09,14.09,14.09,0,12.885314
1652,2016-07-26,14.25,14.25,14.25,14.25,0,13.031634
1653,2016-07-27,14.26,14.26,14.26,14.26,0,13.04078
1654,2016-07-28,14.33,14.33,14.33,14.33,0,13.104794
1655,2016-07-29,14.39,14.39,14.39,14.39,0,13.159665
1656,2016-08-01,14.41,14.41,14.41,14.41,0,13.177954
1657,2016-08-02,14.19,14.19,14.19,14.19,0,12.976764
1658,2016-08-03,14.25,14.25,14.25,14.25,0,13.031634
1659,2016-08-04,14.33,14.33,14.33,14.33,0,13.104794
1660,2016-08-05,14.4,14.4,14.4,14.4,0,13.168809
1661,2016-08-08,14.39,14.39,14.39,14.39,0,13.159665
1662,2016-08-09,14.55,14.55,14.55,14.55,0,13.305985
1663,2016-08-10,14.48,14.48,14.48,14.48,0,13.241969
1664,2016-08-11,14.59,14.59,14.59,14.59,0,13.342565
1665,2016-08-12,14.59,14.59,14.59,14.59,0,13.342565
1666,2016-08-15,14.73,14.73,14.73,14.73,0,13.470594
1667,2016-08-16,14.64,14.64,14.64,14.64,0,13.38829
1668,2016-08-17,14.59,14.59,14.59,14.59,0,13.342565
1669,2016-08-18,14.61,14.61,14.61,14.61,0,13.360854
1670,2016-08-19,14.61,14.61,14.61,14.61,0,13.360854
1671,2016-08-22,14.57,14.57,14.57,14.57,0,13.324274
1672,2016-08-23,14.68,14.68,14.68,14.68,0,13.42487
1673,2016-08-24,14.57,14.57,14.57,14.57,0,13.324274
1674,2016-08-25,14.67,14.67,14.67,14.67,0,13.415725
1675,2016-08-26,14.61,14.61,14.61,14.61,0,13.360854
1676,2016-08-29,14.66,14.66,14.66,14.66,0,13.406579
1677,2016-08-30,14.66,14.66,14.66,14.66,0,13.406579
1678,2016-08-31,14.63,14.63,14.63,14.63,0,13.379145
1679,2016-09-01,14.71,14.71,14.71,14.71,0,13.452305
1680,2016-09-02,14.81,14.81,14.81,14.81,0,13.543755
1681,2016-09-06,14.9,14.9,14.9,14.9,0,13.626059
1682,2016-09-07,14.87,14.87,14.87,14.87,0,13.598625
1683,2016-09-08,14.79,14.79,14.79,14.79,0,13.525465
1684,2016-09-09,14.42,14.42,14.42,14.42,0,13.187099
1685,2016-09-12,14.64,14.64,14.64,14.64,0,13.38829
1686,2016-09-13,14.43,14.43,14.43,14.43,0,13.196245
1687,2016-09-14,14.47,14.47,14.47,14.47,0,13.232825
1688,2016-09-15,14.65,14.65,14.65,14.65,0,13.397434
1689,2016-09-16,14.58,14.58,14.58,14.58,0,13.333419
1690,2016-09-19,14.59,14.59,14.59,14.59,0,13.342565
1691,2016-09-20,14.58,14.58,14.58,14.58,0,13.333419
1692,2016-09-21,14.73,14.73,14.73,14.73,0,13.470594
1693,2016-09-22,14.88,14.88,14.88,14.88,0,13.60777
1694,2016-09-23,14.75,14.75,14.75,14.75,0,13.488885
1695,2016-09-26,14.61,14.61,14.61,14.61,0,13.360854
1696,2016-09-27,14.73,14.73,14.73,14.73,0,13.470594
1697,2016-09-28,14.81,14.81,14.81,14.81,0,13.543755
1698,2016-09-29,14.95,14.95,14.95,14.95,0,13.671785
1699,2016-09-30,15.2,15.2,15.2,15.2,0,13.90041
1700,2016-10-03,15.23,15.23,15.23,15.23,0,13.927845
1701,2016-10-04,15.21,15.21,15.21,15.21,0,13.909555
1702,2016-10-05,15.22,15.22,15.22,15.22,0,13.9187
1703,2016-10-06,15.22,15.22,15.22,15.22,0,13.9187
1704,2016-10-07,15.12,15.12,15.12,15.12,0,13.82725
1705,2016-10-10,15.16,15.16,15.16,15.16,0,13.86383
1706,2016-10-11,14.9,14.9,14.9,14.9,0,13.626059
1707,2016-10-12,14.85,14.85,14.85,14.85,0,13.580335
1708,2016-10-13,14.74,14.74,14.74,14.74,0,13.479739
1709,2016-10-14,14.78,14.78,14.78,14.78,0,13.516319
1710,2016-10-17,14.68,14.68,14.68,14.68,0,13.42487
1711,2016-10-18,14.86,14.86,14.86,14.86,0,13.589479
1712,2016-10-19,14.95,14.95,14.95,14.95,0,13.671785
1713,2016-10-20,15,15,15,15,0,13.71751
1714,2016-10-21,15.12,15.12,15.12,15.12,0,13.82725
1715,2016-10-24,15.26,15.26,15.26,15.26,0,13.95528
1716,2016-10-25,15.17,15.17,15.17,15.17,0,13.872975
1717,2016-10-26,15.06,15.06,15.06,15.06,0,13.77238
1718,2016-10-27,15,15,15,15,0,13.71751
1719,2016-10-28,15.03,15.03,15.03,15.03,0,13.744945
1720,2016-10-31,15.04,15.04,15.04,15.04,0,13.75409
1721,2016-11-01,14.96,14.96,14.96,14.96,0,13.68093
1722,2016-11-02,14.71,14.71,14.71,14.71,0,13.452305
1723,2016-11-03,14.65,14.65,14.65,14.65,0,13.397434
1724,2016-11-04,14.59,14.59,14.59,14.59,0,13.342565
1725,2016-11-07,14.98,14.98,14.98,14.98,0,13.699219
1726,2016-11-08,15.07,15.07,15.07,15.07,0,13.781525
1727,2016-11-09,14.9,14.9,14.9,14.9,0,13.626059
1728,2016-11-10,14.56,14.56,14.56,14.56,0,13.31513
1729,2016-11-11,14.59,14.59,14.59,14.59,0,13.342565
1730,2016-11-14,14.37,14.37,14.37,14.37,0,13.141374
1731,2016-11-15,14.57,14.57,14.57,14.57,0,13.324274
1732,2016-11-16,14.66,14.66,14.66,14.66,0,13.406579
1733,2016-11-17,14.85,14.85,14.85,14.85,0,13.580335
1734,2016-11-18,14.86,14.86,14.86,14.86,0,13.589479
1735,2016-11-21,14.91,14.91,14.91,14.91,0,13.635205
1736,2016-11-22,14.96,14.96,14.96,14.96,0,13.68093
1737,2016-11-23,14.87,14.87,14.87,14.87,0,13.598625
1738,2016-11-25,14.91,14.91,14.91,14.91,0,13.635205
1739,2016-11-28,14.81,14.81,14.81,14.81,0,13.543755
1740,2016-11-29,14.82,14.82,14.82,14.82,0,13.552899
1741,2016-11-30,14.68,14.68,14.68,14.68,0,13.42487
1742,2016-12-01,14.14,14.14,14.14,14.14,0,12.93104
1743,2016-12-02,14.14,14.14,14.14,14.14,0,12.93104
1744,2016-12-05,14.39,14.39,14.39,14.39,0,13.159665
1745,2016-12-06,14.41,14.41,14.41,14.41,0,13.177954
1746,2016-12-07,14.62,14.62,14.62,14.62,0,13.369999
1747,2016-12-08,14.68,14.68,14.68,14.68,0,13.42487
1748,2016-12-09,14.71,14.71,14.71,14.71,0,13.452305
1749,2016-12-12,14.61,14.61,14.61,14.61,0,13.360854
1750,2016-12-13,14.77,14.77,14.77,14.77,0,13.507175
1751,2016-12-14,14.65,14.65,14.65,14.65,0,13.397434
1752,2016-12-15,14.62,14.62,14.62,14.62,0,13.369999
1753,2016-12-16,13.32,13.32,13.32,13.32,0,13.32
1754,2016-12-19,13.38,13.38,13.38,13.38,0,13.38
1755,2016-12-20,13.45,13.45,13.45,13.45,0,13.45
1756,2016-12-21,13.43,13.43,13.43,13.43,0,13.43
1757,2016-12-22,13.32,13.32,13.32,13.32,0,13.32
1758,2016-12-23,13.32,13.32,13.32,13.32,0,13.32
1759,2016-12-27,13.47,13.47,13.47,13.47,0,13.47
1760,2016-12-28,13.35,13.35,13.35,13.35,0,13.35
1761,2016-12-29,13.33,13.33,13.33,13.33,0,13.33
1762,2016-12-30,13.22,13.22,13.22,13.22,0,13.22
1763,2017-01-03,13.22,13.22,13.22,13.22,0,13.22
1764,2017-01-04,13.64,13.64,13.64,13.64,0,13.64
1765,2017-01-05,13.75,13.75,13.75,13.75,0,13.75
1766,2017-01-06,13.85,13.85,13.85,13.85,0,13.85
1767,2017-01-09,13.93,13.93,13.93,13.93,0,13.93
1768,2017-01-10,13.97,13.97,13.97,13.97,0,13.97
1769,2017-01-11,14.15,14.15,14.15,14.15,0,14.15
1770,2017-01-12,14.11,14.11,14.11,14.11,0,14.11
1771,2017-01-13,14.2,14.2,14.2,14.2,0,14.2
1772,2017-01-17,14.09,14.09,14.09,14.09,0,14.09
1773,2017-01-18,14.21,14.21,14.21,14.21,0,14.21
1774,2017-01-19,14.2,14.2,14.2,14.2,0,14.2
1775,2017-01-20,14.26,14.26,14.26,14.26,0,14.26
1776,2017-01-23,14.31,14.31,14.31,14.31,0,14.31
1777,2017-01-24,14.47,14.47,14.47,14.47,0,14.47
1778,2017-01-25,14.68,14.68,14.68,14.68,0,14.68
1779,2017-01-26,14.62,14.62,14.62,14.62,0,14.62
1780,2017-01-27,14.61,14.61,14.61,14.61,0,14.61
1781,2017-01-30,14.53,14.53,14.53,14.53,0,14.53
1782,2017-01-31,14.53,14.53,14.53,14.53,0,14.53
1783,2017-02-01,14.52,14.52,14.52,14.52,0,14.52
1784,2017-02-02,14.6,14.6,14.6,14.6,0,14.6
1785,2017-02-03,14.68,14.68,14.68,14.68,0,14.68
1786,2017-02-06,14.65,14.65,14.65,14.65,0,14.65
1787,2017-02-07,14.69,14.69,14.69,14.69,0,14.69
1788,2017-02-08,14.76,14.76,14.76,14.76,0,14.76
1789,2017-02-09,14.81,14.81,14.81,14.81,0,14.81
1790,2017-02-10,14.94,14.94,14.94,14.94,0,14.94
1791,2017-02-13,14.99,14.99,14.99,14.99,0,14.99
1792,2017-02-14,14.95,14.95,14.95,14.95,0,14.95
1793,2017-02-15,15.06,15.06,15.06,15.06,0,15.06
1794,2017-02-16,15.09,15.09,15.09,15.09,0,15.09
1795,2017-02-17,15.14,15.14,15.14,15.14,0,15.14
1796,2017-02-21,15.27,15.27,15.27,15.27,0,15.27
1797,2017-02-22,15.3,15.3,15.3,15.3,0,15.3
1798,2017-02-23,15.23,15.23,15.23,15.23,0,15.23
1799,2017-02-24,15.22,15.22,15.22,15.22,0,15.22
1800,2017-02-27,15.23,15.23,15.23,15.23,0,15.23
1801,2017-02-28,15.09,15.09,15.09,15.09,0,15.09
1802,2017-03-01,15.3,15.3,15.3,15.3,0,15.3
1803,2017-03-02,15.17,15.17,15.17,15.17,0,15.17
1804,2017-03-03,15.2,15.2,15.2,15.2,0,15.2
1805,2017-03-06,15.18,15.18,15.18,15.18,0,15.18
1806,2017-03-07,15.19,15.19,15.19,15.19,0,15.19
1807,2017-03-08,15.23,15.23,15.23,15.23,0,15.23
1808,2017-03-09,15.22,15.22,15.22,15.22,0,15.22
1809,2017-03-10,15.3,15.3,15.3,15.3,0,15.3
1810,2017-03-13,15.4,15.4,15.4,15.4,0,15.4
1811,2017-03-14,15.36,15.36,15.36,15.36,0,15.36
1812,2017-03-15,15.43,15.43,15.43,15.43,0,15.43
1813,2017-03-16,15.5,15.5,15.5,15.5,0,15.5
1814,2017-03-17,15.51,15.51,15.51,15.51,0,15.51
1815,2017-03-20,15.56,15.56,15.56,15.56,0,15.56
1816,2017-03-21,15.25,15.25,15.25,15.25,0,15.25
1817,2017-03-22,15.34,15.34,15.34,15.34,0,15.34
1818,2017-03-23,15.33,15.33,15.33,15.33,0,15.33
1819,2017-03-24,15.39,15.39,15.39,15.39,0,15.39
